"序号","试题内容","正确选项","A","B","C","D",""
"1","《铁路旅客运输管理规则》规定：旅客计划运输组织工作要（  ），做好长短途旅客列车合理分工，充分发挥旅客运输能力的最佳效能，均衡的运送旅客。","A","立足全局","顾全大局","最佳效能","最佳能力",""
"2","《铁路旅客运输管理规则》规定：旅客运输计划按执行期限的不同，可分为（  ）。","ABC","长远计划","年度计划","日常计划","短期计划",""
"3","《铁路旅客运输管理规则》规定：旅客运输计划主要内容包括（  ）。","ABCD","旅客运输量（客运量）","旅客发送量","旅客周转量","旅客平均行程",""
"4","《铁路旅客运输管理规则》规定：列车硬座超成定员为实际定员与实际定员乘以规定超员率之和。","A","对","错","","",""
"5","《铁路旅客运输管理规则》规定：硬卧车代替硬座车时，硬卧每一下铺按（  ）人计算。","C","2","3","4","5",""
"6","《铁路旅客运输管理规则》规定：（  ）及以上或客流量较大的车站，均须编制旅客输送日计划，并报局客调批准执行。","C","一等","二等","三等","四等",""
"7","《铁路旅客运输管理规则》规定：日计划编制一律规定为自零点至二十四点以始发站的始发时间为标准。","B","对","错","","",""
"8","《铁路旅客运输管理规则》规定：车站应根据旅客运输组织原则和票额分配计划组织售票，做到减少（  ），正确发售车票。","C","错售车票","误售车票","旅客排队","排队现象",""
"9","《铁路旅客运输管理规则》规定：列车进站前和开车铃响后，站台服务人员应组织站台上的人退到（  ）以内，确保人身安全。","B","站台","安全线","站台标线","候车室",""
"10","《铁路旅客运输管理规则》规定：旅客列车因故临时必须变更停靠站台时，（  ）人员应提早通知客运值班人员。","A","运转值班","助理值班员","客运值班员","广播员",""
"11","《铁路旅客运输管理规则》规定：旅客列车应固定停靠站台。","A","对","错","","",""
"12","《铁路旅客运输管理规则》规定：车站对急救药品、军运品、抢险救灾物资和零星急需支农物资应优先承运。","B","对","错","","",""
"13","《铁路旅客运输管理规则》规定：铁路客运职工的职业道德中：爱护行包：做到文明装卸，（  ）。","C","监装监卸","轻拿轻放","认真负责","轻装轻卸",""
"14","《铁路旅客运输管理规则》规定：铁路客运职工的职业道德中：礼貌待客：做到（  ），举止文明。","C","细心周到","行为文明","行为端庄","周到服务",""
"15","《铁路旅客运输管理规则》规定：铁路客运职工的职业道德中：优质服务：做到主动热情，（  ）。","B","周到服务","细心周到","耐心解答","行为文明",""
"16","《铁路旅客运输管理规则》规定：铁路客运职工的职业道德中：顾全大局：做到团结协作，密切合作。","B","对","错","","",""
"17","《铁路旅客运输管理规则》规定：铁路客运职工的职业道德中：廉洁奉公：：做到公道正派，不徇私情。","A","对","错","","",""
"18","《铁路旅客运输管理规则》规定：铁路客运职工的职业道德中：勤恳敬业：：做到工作勤奋，业务熟悉。","B","对","错","","",""
"19","《铁路旅客运输管理规则》规定：铁路客运职工的职业道德中：遵章守纪：：做到服从命令，执行标准。","A","对","错","","",""
"20","为维护铁路旅客运输正常秩序，保护铁路旅客运输合同各方当事人的合法权益，依据（ ）等法律、行政法规和《铁路旅客运输规程》《铁路旅客车票实名制管理办法》等有关规定，制定《铁路旅客运输规程》。","ABC","《中华人民共和国民法典》","《中华人民共和国铁路法》","《铁路安全管理条例》","《安全生产法》",""
"21","《国铁客规》规定：旅客是持有铁路有效乘车凭证的人。","A","对","错","","",""
"22","《国铁客规》所指的儿童是指符合购买铁路儿童优惠票条件和免费乘车条件的（ ）。","C","人","成年人","未成年人","旅客",""
"23","《国铁客规》规定：车票实名购买和实名查验统称为车票实名制管理。","A","对","错","","",""
"24","《国铁客规》规定：车票实名购买是指购票人凭乘车人的有效身份证件购买车票，铁路运输企业凭乘车人的有效身份证件销售车票，并记录旅客身份信息和购票信息的行为。","A","对","错","","",""
"25","《国铁客规》规定：车票实名查验是指铁路运输企业对实行车票实名购买的车票记载的身份信息与乘车人及其有效身份证件进行一致性核对，并记录旅客乘车信息的行为。","A","对","错","","",""
"26","《国铁客规》规定 联程车票：旅客分段购买的，出发地至目的地间可联程接续的多段车票；前段车票到站与后段车票发站应为同一或同城铁路客运营业站（以下简称车站），且前段车票到站时间与后段车票开车时间间隔（）。","C","不超过8小时","不超过12小时","不超过24小时","不超过48小时",""
"27","《国铁客规》规定 报销凭证：铁路运输企业在提供售票、改签、退票等服务后开具的收付款凭证。报销凭证（）。","AB","仅可开具一次","不能重复领取","可开具多次","能重复领取",""
"28","《国铁客规》规定：铁路车票销售代理人是与铁路运输企业签有代售合同，办理铁路车票销售经营业务的独立法人组织。","A","对","错","","",""
"29","《国铁客规》规定：席位指车票载明的车厢，以及座位或铺位位置。","A","对","错","","",""
"30","《国铁客规》规定：席别指旅客列车席位的类别，包括硬座、软座、二等座、一等座、特等座、商务座、硬卧、软卧、高级软卧、二等卧、一等卧等。","A","对","错","","",""
"31","《国铁客规》规定：改签指旅客变更乘车日期、时间、车次、席位、席别和到站时需办理的签证手续。","A","对","错","","",""
"32","《国铁客规》规定：客运记录是在旅客或行李运输过程中因特殊情况，铁路运输企业与旅客之间需记载某种事项或车站与列车之间办理业务交接的（ ）。","AB","纸质凭证","电子凭证","约定","口头约定",""
"33","《国铁客规》时间指以北京时间为准，从零时起计算，实行24小时制。","A","对","错","","",""
"34","《国铁客规》规定：以上、以下、以前、以后、以内、以外均含本数，（ ）均不含本数。","ABC","超过","未满","不足","包含",""
"35","《国铁客规》规定：铁路旅客运输合同是明确铁路运输企业与旅客之间权利义务关系的协议。","A","对","错","","",""
"36","《国铁客规》规定：铁路旅客运输合同从（ ），为合同履行完毕。","AB","售出车票时起成立","至按车票规定运输结束旅客出站时止","检票起","到站出站时止计算",""
"37","《国铁客规》规定：旅客运输的运送期间自（ ）。旅客自行中途下车，出站时铁路旅客运输合同履行终止。","CD","售出车票时起成立","至按车票规定运输结束旅客出站时止","检票起","到站出站时止计算",""
"38","《国铁客规》规定：车票是铁路旅客运输合同的凭证，可以采用（ ）。","AB","纸质形式","电子数据形式","车票","电子版",""
"39","《国铁客规》规定：车票是以电子数据形式体现的铁路旅客运输合同的凭证，并实施车票实名制管理。","A","对","错","","",""
"40","《国铁客规》规定：车票（特殊票种除外）主要信息应包含发站、到站、车次、车厢号、（ ）等主要信息。铁路运输企业与旅客另有约定的，按照其约定。","ABCD","席别","席位号","票价","开车时间",""
"41","《国铁客规》规定：车票（特殊票种除外）主要信息应包含：（ ）。","ABCD","发站和到站站名","车厢号、席位号、席别","票价","车次",""
"42","《国铁客规》规定：车票（特殊票种除外）主要信息应包含：（ ）。","ABCD","乘车日期和开车时间；","有效期；","旅客身份证件信息","车次",""
"43","《国铁客规》规定 ：车票票价为旅客购票时的执行票价。铁路运输企业调整票价时，已售出的车票（ ）。","AB","不再补收票价差额","不再退还票价差额","补收票价差额","票价差额不退",""
"44","《国铁客规》规定 ：车票票价为旅客购票时的执行票价。","A","对","错","","",""
"45","《国铁客规》规定：除有效期有其他规定的车票外，车票（ ）有效。旅客自行中途上车、下车的，未乘区间的票款不予退还。","A","当日当次","当日","当次","两日内",""
"46","《国铁客规》规定：旅客自行中途上车、下车的，未乘区间的票款（ ）。","A","不予退还","全部退还","无效","不予办理",""
"47","《国铁客规》规定：旅客应按约定支付运输费用，购票后应核对票、款，妥善保管车票信息及购票时所使用的有效身份证件。","A","对","错","","",""
"48","《国铁客规》规定：车票应通过铁路运输企业提供的（ ）或铁路车票销售代理人的售票处购买。","ABCD","车站售票窗口","自动售票机","中国铁路12306网站（含铁路12306移动端）","订票电话",""
"49","《国铁客规》规定：铁路运输企业开办（ ）等多种业务时，具体售票、改签、退票、检票和行李托运等业务规则由开办业务的铁路运输企业另行规定。","ABC","定期票","计次票","乘车卡","通票",""
"50","《国铁客规》规定：（ ）可以通过车站售票窗口、铁路车票销售代理人的售票处购票或列车上购票、补票。","ABCD","中华人民共和国居民身份证","中华人民共和国临时居民身份证","居民户口簿","中华人民共和国护照",""
"51","《国铁客规》规定：（ ）可以通过车站售票窗口、铁路车票销售代理人的售票处购票或列车上购票、补票。","ABCD","中华人民共和国出入境通行证","中华人民共和国旅行证","新生儿出生医学证明","军官证",""
"52","《国铁客规》规定：（ ）可以通过车站售票窗口、铁路车票销售代理人的售票处购票或列车上购票、补票。","ABCD","警官证","文职干部证","义务兵证","士官证",""
"53","《国铁客规》规定：（ ）可以通过车站售票窗口、铁路车票销售代理人的售票处购票或列车上购票、补票。","ABCD","文职人员证","海员证","公安机关出具的临时乘车身份证明","中华人民共和国港澳居民居住证，",""
"54","《国铁客规》规定 ：（ ）可以通过车站售票窗口、铁路车票销售代理人的售票处购票或列车上购票、补票。","ABCD","军士证","警士证","文职人员证","海员证",""
"55","《国铁客规》规定：（ ）可以通过车站售票窗口、铁路车票销售代理人的售票处购票或列车上购票、补票。","ABCD","中华人民共和国台湾居民居住证","港澳居民来往内地通行证","往来港澳通行证","大陆居民往来台湾通行证，",""
"56","《国铁客规》规定：（ ）可以通过车站售票窗口、铁路车票销售代理人的售票处购票或列车上购票、补票。","ABCD","台湾居民来往大陆通行证","外国人永久居留身份证","外国人护照","外国人出入境证，",""
"57","《国铁客规》规定：（ ）可以通过车站售票窗口、铁路车票销售代理人的售票处购票或列车上购票、补票。","ABCD","公安机关出具的外国人签证证件受理回执","护照报失证明","各国驻华使领馆签发的临时性国际旅行证件（应当附具公安机关签发的有效签证）","各国驻华使领馆签发的临时性国际旅行证件（应当附具公安机关签发的停留证件）",""
"58","《国铁客规》规定：（ ）可以通过12306网站、订票电话购票。","ABCD","中华人民共和国居民身份证（含中华人民共和国临时居民身份证）","中华人民共和国护照","中华人民共和国港澳居民居住证，","中华人民共和国台湾居民居住证",""
"59","《国铁客规》规定：（ ）可以通过12306网站、订票电话购票。","ABCD","港澳居民来往内地通行证","台湾居民来往大陆通行证","外国人永久居留身份证","外国人护照",""
"60","《国铁客规》规定：（ ）通过自动售票机购票。","ABCD","中华人民共和国居民身份证","中华人民共和国港澳居民居住证","中华人民共和国台湾居民居住证","外国人永久居留身份证",""
"61","《国铁客规》规定 ：( )可通过自动售票机购票。","ABCD","中华人民共和国护照","港澳居民来往内地通行证","台湾居民来往大陆通行证","外国人永久居留身份证。",""
"62","《国铁客规》规定：旅客应向铁路运输企业提供真实有效的联系方式。","A","对","错","","",""
"63","《国铁客规》规定：发售实名制车票时，铁路运输企业可以记录、保存并在铁路服务过程中使用旅客信息、联系方式，按国家规定承担相应的（ ）。","D","购票义务","签证义务","退票义务","保密义务",""
"64","《国铁客规》规定：铁路运输企业发售车票时，根据旅客需要提供载有车票主要信息的（ ）。","D","车票","卡片","报销凭证","行程信息提示",""
"65","《国铁客规》规定 ： 通过12306网站购票的，“行程信息提示”可通过网站自行打印或下载。 购票后如需报销凭证的，应在（），凭购票时所使用的有效身份证件到车站售票窗口、自动售票机开具。","B","开车前","开车前或乘车日期之日起180日以内","开车后","开车前或乘车日期之日起180日",""
"66","《国铁客规》规定：“行程信息提示”和报销凭证可以作为乘车凭证使用。","B","对","错","","",""
"67","《国铁客规》规定：车票最远发售至（ ）。铁路运输企业另有规定的票种除外。","D","换车站","旅客换车站","终到站","本次列车终到站",""
"68","《国铁客规》规定：除需要乘坐旅客列车通勤上学的学生和铁路运输企业同意在旅途中监护的儿童外，（ ）的儿童应当随同成年人旅客旅行。","A","未满14周岁","14周岁","未满6周岁","6周岁",""
"69","《国铁客规》规定：随同成年人乘车的儿童，（ ）的应当购买儿童优惠票。","AB","年满6周岁","未满14周岁","1.2米","不足1.5米",""
"70","《国铁客规》规定：（ ）的儿童，应当购买全价票。","B","年满6周岁","年满14周岁","年满18周岁","1.5米",""
"71","《国铁客规》规定：每一名持票成年人旅客可以免费携带一名（ ）且不单独占用席位的儿童乘车；超过一名时，超过人数应当购买儿童优惠票。","A","未满6周岁","未满8周岁","未满16周岁","未满18周岁",""
"72","《国铁客规》规定：儿童年龄按（ ）计算。","A","乘车日期","乘车月份","乘车季度","乘车年度",""
"73","《国铁客规》规定：旅客携带免费乘车儿童时，应当在购票时向铁路运输企业提前申明，购票申明时使用的免费乘车儿童有效身份证件为其乘车凭证。","A","对","错","","",""
"74","《国铁客规》规定：免费乘车的儿童单独使用席位时应购买儿童优惠票。","A","对","错","","",""
"75","《国铁客规》规定：儿童优惠票的（ ）应与同行成年人所持车票相同，到站不得远于成年人车票的到站。","ABC","乘车日期","车次","席别","票价",""
"76","《国铁客规》规定：在全日制高等学校（含国务院教育行政部门、省级人民政府审批设置的实施高等学历教育的民办学校），（ ）就读的学生、研究生，凭学生证（中、小学生凭盖有学校公章的书面证明）每学年（10月1日至次年9月30日）可以购买家庭居住地至院校（实习地点）所在地之间四次单程的学生优惠票。","ABCD","承担研究生教育任务的科学研究机构","军事院校","普通中、小学","中等职业学校（含有实施学历教育资格的公办及民办中等专业学校、职业高中、技工学校）",""
"77","《国铁客规》规定：，（ ）每学年（10月1日至次年9月30日）可购买家庭居住地至院校（实习地点）所在地之间四次单程的学生优惠票。","ABCD","家庭居住地和学校所在地不在同一城市时","凭附有标注减价优惠区间和火车票学生优惠卡的学生证","中、小学生凭加盖学校公章的书面证明","优惠区间应加盖院校公章",""
"78","《国铁客规》规定：家庭居住地和学校所在地不在同一城市时，凭附有标注减价优惠区间和火车票学生优惠卡的学生证（中、小学生凭加盖学校公章的书面证明），优惠区间应加盖院校公章，每学年（ ）可购买家庭居住地至院校（实习地点）所在地之间四次单程的学生优惠票。","C","均","1月1日至次年12月30日","10月1日至次年9月30日","10月1日至次年12月30日",""
"79","《国铁客规》规定：家庭居住地和学校所在地不在同一城市时，凭附有标注减价优惠区间和火车票学生优惠卡的学生证（中、小学生凭加盖学校公章的书面证明），优惠区间应加盖院校公章，每学年（10月1日至次年9月30日）可购买（ ）之间四次单程的学生优惠票。","AB","家庭居住地至院校所在地","家庭居住地至（实习地点）","家庭居住地至旅游城市","家庭居住地至直辖市",""
"80","《国铁客规》规定：（ ）当年可购买一次学生优惠票。","AB","新生凭录取通知书","毕业生凭盖有院校公章的学校书面证明","毕业生凭学校证明","毕业生学校书面证明",""
"81","《国铁客规》规定：学生优惠票限于使用（ ）。","ABD","普通旅客列车硬座","普通旅客列车硬卧","普通旅客列车软座","动车组列车二等座",""
"82","《国铁客规》规定 ：学生每学年乘车前应通过12306网站或到车站指定售票窗口、自动售票机办理一次学生优惠资质核验手续。","A","对","错","","",""
"83","《国铁客规》规定 ：通过车站指定售票窗口或自动售票机办理学生优惠资质核验手续时，应出具本人有效身份证件和学生证（附有火车票学生优惠卡），（），无法通过学生优惠资质核验。","ABCD","没有火车票学生优惠卡","火车票学生优惠卡所载信息不全","不能识别或者学生证","学生证记载不一致的",""
"84","《国铁客规》规定：未办理或未通过优惠资质核验购买学生优惠票乘车时，列车应（ ）。","AB","先办理补收票价差额手续","开具客运记录","加收票款","不予乘车",""
"85","《国铁客规》规定：未办理或未通过优惠资质核验补票后，旅客到站后可凭车补车票、学生证和购票时所使用的有效身份证件（列车如开具纸质客运记录，还应携带纸质客运记录），（ ）到车站售票窗口办理资质核验和退票手续。","A","30日以内","60日以内","90日以内","180日以内",""
"86","《国铁客规》规定：未办理或未通过优惠资质核验补票旅客，车站核实学生所购学生优惠票符合有关规定后，为其办理资质核验，（ ）。","ABC","扣减学生火车票优惠卡次数","退还车补车票票款","不收退票费","核收退票费",""
"87","《国铁客规》规定：华侨学生和港澳台学生可购买学校所在地车站至口岸城市车站间的学生优惠票。铁路运输企业另有规定的除外。","A","对","错","","",""
"88","《国铁客规》规定：学生证的减价优惠区间更改时，应重新加盖院校公章，并修改火车票学生优惠卡内相关信息。","A","对","错","","",""
"89","《国铁客规》规定 ：学生优惠票根据（）发售。在减价优惠区间内购买联程车票时，扣减一次优惠乘车次数。超过减价优惠区间的，不发售学生优惠票。","AB","减价优惠区间按相对近径路","减价优惠区间按相合理径路","优惠区间","乘车区间",""
"90","《国铁客规》规定：持（ ）的人员凭证可以购买优待票。","ABC","中华人民共和国残疾军人证","中华人民共和国伤残人民警察证","国家综合性消防救援队伍残疾人员证","残疾人证",""
"91","《国铁客规》规定：在无人售票的乘降所上车的人员，可在到站购票。","B","对","错","","",""
"92","《国铁客规》规定：铁路运输企业按照国家有关规定对旅客所持车票和有效身份证件进行车票实名制查验。","A","对","错","","",""
"93","《国铁客规》规定 ：车站对进、出站的旅客和人员应当检票，列车对乘车旅客应验票。对应当持证购买的优惠票、优待票，铁路运输企业还须查验旅客相应优惠、优待证件。","A","对","错","","",""
"94","《国铁客规》规定：旅客检票后在车票发站开车前取消旅行，需办理改签、退票手续的，应在开车前主动向车站声明。","A","对","错","","",""
"95","《国铁客规》规定 ： 旅客应配合铁路运输企业实施的车票实名制查验工作，携带免费乘车儿童应提供其购票申明时使用的儿童有效身份证件；使用持证购买的优惠票、优待票应出示相应优惠、优待证件。","A","对","错","","",""
"96","《国铁客规》规定：铁路运输企业应当依照法律、行政法规和有关规定，对旅客及其携带品进行安全检查。旅客携带品应当遵守国家禁止或者限制运输的相关规定。","A","对","错","","",""
"97","《国铁客规》规定：车站在开车前提前停止检票，并应当在本站营业场所公告（ ）。旅客可通过乘车站营业场所公告查询。","C","停检时间","停止检票时间","提前停止检票时间","推后停止检票时间",""
"98","《国铁客规》规定：铁路稽查人员凭（ ）可以在车内验票。","AB","稽查证件","佩戴稽查标识","工作证","乘车证",""
"99","《国铁客规》规定：旅客的乘车凭证是购票时使用的有效身份证件；随行免费乘车儿童的乘车凭证是其申明时所使用的（ ）。","B","有效身份证件","儿童有效身份证件","成人有效身份证件","临时有效身份证件",""
"100","《国铁客规》规定：旅客应当按有效车票载明的日期、（ ）和席别乘车。","ABCD","时间","车次","车厢号","席位号",""
"101","《国铁客规》规定：持低票价席别车票的旅客不能在高票价席别的车厢（区域）滞留。","A","对","错","","",""
"102","《国铁客规》规定：视力残疾旅客可以携带取得导盲犬工作证（ ），用于辅助视力残疾人工作、生活的导盲犬进站乘车。","ABC","载有导盲犬使用者信息","盖有公安部门或残疾人联合会公章","或带有国际导盲犬联盟标识“IGDF”","经客运人员同意",""
"103","《国铁客规》规定：旅客进站、乘车时，需主动（ ）。","ABCD","出示残疾人证","导盲犬工作证","动物健康免疫证明等证件","携带的导盲犬接受安全检查",""
"104","《国铁客规》规定 旅客可办理一次改签，在铁路运输企业有运输能力的前提下，按下列规定办理:开车前不足48小时，(    )的列车。","B","可免费改签预售期内","可免费改签车票载明的乘车日期以前","可改签车票载明的乘车日期之后预售期内","可免费改签当日其他",""
"105","《国铁客规》规定 旅客可办理一次改签，在铁路运输企业有运输能力的前提下，按下列规定办理:开车前不足48小时，(    )列车，核收改签费。","C","可免费改签预售期内","可免费改签车票载明的乘车日期以前","可改签车票载明的乘车日期之后预售期内","可免费改签当日其他",""
"106","《国铁客规》规定 旅客可办理一次改签，在铁路运输企业有运输能力的前提下，按下列规定办理:开车后在当日24 时之前，(   )列车。","D","可免费改签预售期内","可免费改签车票载明的乘车日期以前","可改签车票载明的乘车日期之后预售期内","可免费改签当日其他",""
"107","《国铁客规》规定 旅客可办理一次改签，在铁路运输企业有运输能力的前提下，按下列规定办理:开车后在当日24 时之前，可(   )列车，核收改签费。","D","可免费改签预售期内","可免费改签车票载明的乘车日期以前","可改签车票载明的乘车日期之后预售期内","改签车票载明的乘车日期之后预售期内",""
"108","《国铁客规》规定  旅客可办理一次改签，在铁路运输企业有运输能力的前提下，按下列规定办理:办理变更到站的改签时，应在开车前(   )，原车票已托运行李的，还应办理行李变更或取消业务。","D","24小时","24小时以上","48小时","48小时以上",""
"109","《国铁客规》规定：旅客可办理一次改签，在铁路运输企业有运输能力的前提下，按下列规定办理:开车前48小时以上，(   )的列车。","A","可免费改签预售期内","可免费改签车票载明的乘车日期以前","可改签车票载明的乘车日期之后预售期内","可免费改签当日其他",""
"110","《国铁客规》规定：旅客可在（ ）办理改签。","ABC","车站售票窗口","12306网站","具备改签功能的自动售票机","代售点",""
"111","《国铁客规》规定 ：凭各种有效身份证件购买的车票均可在车站售票窗口办理改签，但已（）的车票，仅可在车站售票窗口办理改签。","AB","开具印报销凭证的","使用现金支付方式购买","已打印行程信息提示的","使用银行卡支付方式购买",""
"112","《国铁客规》规定 ：改签后如需改签费报销凭证的，可在（），凭改签时所使用的有效身份证件到车站售票窗口、自动售票机开具。","C","办理之日起90日以内","90日以内","办理之日起180日以内","180日以内",""
"113","《国铁客规》规定 ：旅客要求越过车票到站继续乘车，无运输能力时，列车有权拒绝旅客补票和继续乘车。","A","对","错","","",""
"114","《国铁客规》规定：凭12306网站购票证件且使用电子支付方式购买的车票，可通过12306网站办理改签；在具备改签功能的自动售票机办理改签时，应按系统提示办理。","A","对","错","","",""
"115","《国铁客规》规定：在车站售票窗口办理改签时，乘车人须出具（ ）。","A","购票时使用有效身份证件","代办人有效身份证件","乘车人的有效身份证件","身份证件原件",""
"116","《国铁客规》规定：在车站售票窗口办理改签时，（ ）。","BC","购票时使用有效身份证件","他人代办时应出具代办人有效身份证件","乘车人购票时使用的有效身份证件","身份证件原件",""
"117","《国铁客规》规定 ：旅客办理已开具报销凭证的车票改签时，须交回报销凭证。报销凭证无法交回或不可识别、不完整时，铁路运输企业不予办理改签。","A","须交回报销凭证","不须交回报销凭证","不予办理","无须改签",""
"118","《国铁客规》规定：报销凭证（    ）时，铁路运输企业不予办理改签。","ABC","无法交回","不可识别","不完整","完整交回",""
"119","《国铁客规》规定：旅客办理改签时，改签后的车票票价高于原票价时，（ ）。","A","核收票价差额","票价不补不退","退还票价差额","不予办理",""
"120","《国铁客规》规定：旅客办理改签时，改签后的车票票价低于原票价时，（ ）。","CD","核收票价差额","票价不补不退","退还票价差额","核收票价差额的退票费",""
"121","《国铁客规》规定：旅客在列车上办理席位变更时，变更后的票价高于原票价时，核收票价差额；变更后的票价低于原票价时，（ ）。","D","核收票价差额","票价不补不退","退还票价差额","票价差额部分不予退还",""
"122","《国铁客规》规定：因铁路运输企业责任使旅客不能按车票载明的日期、时间、车次、车厢号、席位号、席别乘车时，站、车应妥善安排。重新安排的席位高于于原票价时，应当（ ）。","D","核收票价差额","票价不补不退","退还票价差额","超过部分不予补收",""
"123","《国铁客规》规定：因铁路运输企业责任使旅客不能按车票载明的日期、时间、车次、车厢号、席位号、席别乘车时，站、车应妥善安排。重新安排的席位低于原票价时，应当（ ）。","CD","核收票价差额","票价不补不退","退还票价差额","不收退票费",""
"124","《国铁客规》规定：旅客要求越过车票到站继续乘车时，须在原车票到站前提出，在有运输能力的情况下列车可予以办理，核收（ ）。","B","票款","越站区间的票款","所乘区间的票款","乘车区间的票款",""
"125","《国铁客规》规定：必要时，铁路运输企业可以临时调整改签办法。","A","对","错","","",""
"126","《国铁客规》规定：在车站售票窗口发生旅客车票误售、误购时，旅客当场提出的，（   ）。","AB","车站换发新票","需退还票价差额时，不收退票费","需退还票价差额时，不予退还","不予退还",""
"127","《国铁客规》规定：铁路运输企业责任导致的误售应为旅客（）。","AB","免费办理退票","换发新票","办理退票","核收退票费",""
"128","《国铁客规》规定：发生误乘、误降时，旅客应向站车工作人员提出。列车长应编制客运记录交前方停车站。","A","对","错","","",""
"129","《国铁客规》规定：如误乘旅客提出乘坐本趟列车直接去原票到站时，（）。","AB","所乘列车票价高于原票价时，核收票价差额","所乘列车票价低于原票价时，票价差额部分不予退还","票价不补不退","免费乘车至到站",""
"130","《国铁客规》规定： 车站对本站发现或列车移交的误乘、误降旅客，应指定最近列车免费送回至（），对出站后提出的不予受理。","AB","车票到站","原票乘车站","最近列车停车站","列车到站",""
"131","《国铁客规》规定：误乘、误降旅客拒绝铁路运输企业安排时，根据（）。","AB","实际乘车区间补收相应票款","未使用部分票款不予退还","原票信息乘车","要求免费送回",""
"132","《国铁客规》规定：告知列车无运输能力后，无票继续越站乘车的，站、车均可拒绝其进站、上车或责令其下车。","A","对","错","","",""
"133","《国铁客规》规定：发生误乘、误降时在免费送回区间，如中途下车，对往返乘车的免费区间，按（）核收往返区间的票款。","A","返程所乘列车等级分别","所乘列车等级分别","返程所乘列车等级","往返所乘列车等级分别",""
"134","《国铁客规》规定：发生误乘、误降时在免费送回区间，旅客可以中途下车。","B","对","错","","",""
"135","《国铁客规》规定：发生误乘、误降时，免费送回区间，旅客应按照铁路运输企业指定的席别乘坐，旅客如提出乘坐高票价席别时，（）。","A","应重新支付高票价席别票款","票价不补不退","持原票乘车有效","不予办理",""
"136","《国铁客规》规定：旅客在乘车前丢失证件的，应到该有效身份证件的发证机构办理临时身份证明，凭临时身份证明进出站乘车。","A","对","错","","",""
"137","《国铁客规》规定：旅客在列车上、出站前丢失证件的，（ ）。","AB","须先办理补票手续","凭后补车票检票出站","凭客运记录出站","可直接出站",""
"138","《国铁客规》规定：旅客在列车上、出站前丢失证件的，在车站办理时，车站核验车票无出站检票记录的，开具客运记录。","A","对","错","","",""
"139","《国铁客规》规定：旅客在列车上、出站前丢失证件的，旅客应在（  ），凭该有效身份证件发证机构办理的临时身份证明和后补车票（如开具纸质客运记录，还应携带纸质客运记录），到列车的经停站退票窗口办理后补车票与原票乘车区间一致部分的退票手续。","A","乘车日期之日起30日以内","乘车日期之日起180日以内","到站日期之日起30日以内","到站日期之日起180日以内",""
"140","《国铁客规》规定：旅客在列车上、出站前丢失证件的，旅客应在乘车日期之日起30日以内，凭（    ），到列车的经停站退票窗口办理后补车票与原票乘车区间一致部分的退票手续。","ABC","该有效身份证件发证机构办理的临时身份证明","后补车票","如开具纸质客运记录，还应携带纸质客运记录","口述",""
"141","《国铁客规》规定：旅客在列车上、出站前丢失证件的，如符合规定可到列车的（     ）退票窗口办理后补车票与原票乘车区间一致部分的退票手续。","A","经停站","中转站","始发站","终到站",""
"142","《国铁客规》规定：旅客在列车上、出站前丢失证件的，办理退票手续时，如核查丢失证件所购原票有出站记录的，后补车票不予退票；无出站记录的，办理退票时，不收退票费。","A","对","错","","",""
"143","《国铁客规》规定：有（）行为时，铁路运输企业按规定补票，并加收已乘区间应补票价50%的票款。","ABCD","持用变造、伪造或涂改的乘车凭证乘车时，除按无票处理外并送交公安部门处理","票、证、人不一致的，按无票处理","持用低票价席别车票乘坐高票价席别时，补收所乘区间的票价差额","旅客持优惠票、优待票，没有规定的减价凭证或不符合减价条件时，按照全价票价补收票价差额",""
"144","《国铁客规》规定：持失效车票乘车或在车票到站后不下车继续乘车的，按无票处理。铁路运输企业按规定补票，并加收已乘区间应补票价50%的票款。","A","对","错","","",""
"145","《国铁客规》规定：旅客（   ），并加收已乘区间应补票价50%的票款。","ABC","持用变造乘车凭证乘车时","持用伪造乘车凭证乘车时","持用涂改的乘车凭证乘车时","购票时有效身份证",""
"146","《国铁客规》规定：旅客（   ）按无票处理，并加收已乘区间应补票价50%的票款。","ABCD","票、证、人不一致的，按无票处理","持用低票价席别车票乘坐高票价席别时，补收所乘区间的票价差额","旅客持优惠票、优待票，没有规定的减价凭证，按照全价票价补收票价差额","旅客持优惠票、优待票，不符合减价条件时，按照全价票价补收票价差额",""
"147","《国铁客规》规定：旅客（   ），铁路运输企业按规定补票，并加收已乘区间应补票价50%的票款。","AB","持失效车票乘车，按无票处理","在车票到站后不下车继续乘车的，按无票处理","持有效车票乘车","持车补乘车",""
"148","《国铁客规》规定：应购买儿童优惠票而未买票的儿童，补收儿童优惠票票款。","A","对","错","","",""
"149","《国铁客规》规定：应购买全价票而购买儿童优惠票乘车的未成年人，应补收儿童优惠票票价与全价票价的差额并加收已乘区间应补票价50%的票款。","B","对","错","","",""
"150","《国铁客规》规定：主动补票或者经站、车同意上车补票的，应当补收票款。","A","对","错","","",""
"151","《国铁客规》规定：对无票乘车而又拒绝补票的人，列车长可责令其下车并应编制客运记录交（     ）处理（其到站近于上述车站时应交到站处理）。","ABC","前方三等以上车站","县所在地车站","市所在地车站","终到站",""
"152","《国铁客规》规定：车站对列车移交或本站发现的无票乘车而又拒绝补票的人员应追补应收的票款。","B","对","错","","",""
"153","《国铁客规》规定：（    ），站、车均可拒绝其进站、上车。","ABC","不接受安全检查的","坚持携带禁止、限制物品的","坚持夹带禁止、限制物品的","按规定携带物品的",""
"154","《国铁客规》规定：不接受车票实名制查验的，站、车均可拒绝其进站、上车。","A","对","错","","",""
"155","《国铁客规》规定：（）等有可能危及列车安全或者其他旅客以及铁路站车工作人员人身安全的，站、车均可拒绝其进站、上车或责令其下车","ABCD","在站、车内寻衅滋事","在站、车内扰乱公共秩序","患有烈性传染病、严重精神障碍","醉酒",""
"156","《国铁客规》规定：旅客要求退票时，须在（）前办理。","ABC","车票载明的日期","车票载明的车次","车票载明的开车时间","票面发站",""
"157","《国铁客规》规定：旅客要求已办理行李托运的车票退票时，应先办理取消行李托运业务。","A","对","错","","",""
"158","《国铁客规》规定：退票核收退票费，应退票款（）退还。","A","按购票时的支付方式","现金","选择任意方式","按旅客要求",""
"159","《国铁客规》规定：退票后如需退票费报销凭证的，可在办理之日起180日以内到（）凭购票时使用的有效身份证件开具。","AB","车站售票窗口","自动售票机","网上办理","代售点",""
"160","《国铁客规》规定：（   ）不办理退票。","ABCD","车票发站开车后","开车后改签的车票","加收的票款","车补车票（因未通过或未办理学生资质核验和丢失购票时使用的有效身份证件，而办理的补票除外）",""
"161","《国铁客规》规定：车补车票不得办理退票。","B","对","错","","",""
"162","《国铁客规》规定：开车后改签的车票应在改签后的开车时间前办理退票手续。","B","对","错","","",""
"163","《国铁客规》规定：因未通过或未办理学生资质核验和丢失购票时使用的有效身份证件，而办理的补票不办理退票。","B","对","错","","",""
"164","《国铁客规》规定：旅客可在（）办理退票。","ABC","12306网站","车站售票窗口","具备退票功能的自动售票机","订票电话",""
"165","《国铁客规》规定：凭各种有效身份证件购买的车票均可在12306网站办理退票。","B","对","错","","",""
"166","《国铁客规》规定：旅客可在任意自动售票机退票，办理时应按系统提示办理。","B","对","错","","",""
"167","《国铁客规》规定：凭各种有效身份证件购买的车票均可在车站售票窗口办理退票；凭12306网站购票证件购买的车票可在12306网站办理退票。","A","对","错","","",""
"168","《国铁客规》规定：旅客使用12306网站购票证件，通过现金方式购买或已开具报销凭证的车票，可（）办理退款手续。","ABC","通过12306网站先行办理退票","自网上办理退票成功之日起180日以内","凭乘车人有效身份证件到车站指定窗口","通过12306网站办理退款",""
"169","《国铁客规》规定：在车站售票窗口办理退票时，乘车人本人办理的，（）。","A","需出具购票时所使用的有效身份证件","无需证明","需出具相关证明","需提供购票证明",""
"170","《国铁客规》规定：在车站售票窗口办理退票时，代乘车人办理的，（）。","AB","需出具代办人的有效身份证件","需出具乘车人购票时所使用的有效身份证件","需出具代理证明","不予办理",""
"171","《国铁客规》规定：旅客办理已打印报销凭证的车票退票或退款手续时，须交回报销凭证。","A","对","错","","",""
"172","《国铁客规》规定：旅客办理已打印报销凭证的车票退票或退款手续，（），铁路运输企业不办理退票或退款。","ABC","报销凭证无法交回时","报销凭证不可识别时","报销凭证不完整时","任何情况",""
"173","《国铁客规》规定：旅客旅行途中因伤、病不能继续旅行时，经站、车核实，可在下车后（）到下车站办理退票。","A","30日以内","180日以内","10日以内","5日以内",""
"174","《国铁客规》规定：旅客旅行途中因伤、病不能继续旅行时，退还（），核收退票费；同行人同样办理。","A","已收票价与已乘区间票价差额","未乘区间车票票价","未使用部分票价","未使用区间票价",""
"175","《国铁客规》规定：因铁路运输企业责任或自然灾害等其他不能正常运输情形导致旅客退票时（    ），不收退票费。","ABCD","在车票发站，退还全部票款","在中途站，退还未乘区间票款","在到站，退还车票未使用部分票款"," 列车因空调设备故障在运行过程中不能修复时，应退还未使用区间的空调费用",""
"176","《国铁客规》规定：因铁路运输企业责任或自然灾害等其他不能正常运输，在中途站，退还（）票款。","A","未乘区间","车票未使用部分","已收票价与已乘区间票价差额","已收票价与已使用区间票价差额",""
"177","《国铁客规》规定：因铁路运输企业责任或自然灾害等其他不能正常运输，在到站，退还（）票款。","B","未乘区间","车票未使用部分","已收票价与已乘区间票价差额","已收票价与已使用区间票价差额",""
"178","《国铁客规》规定：列车因空调设备故障在运行过程中不能修复时，应退还（）的空调费用。","B","未乘区间","未使用区间","已收票价与已使用区间票价差额","已收票价与已乘区间票价差额",""
"179","《国铁客规》规定： 因列车晚点导致未乘车旅客退票时，（）。","ABC","应在车票发站列车实际开车前办理","退还全部票款","不收退票费","应在车票票面开车时间前办理",""
"180","《国铁客规》规定：晚点列车晚点信息公布前已购联程车票，可一并（）。","AB","办理退票","不收退票费","不可办理退票","核收手续费",""
"181","《国铁客规》规定：因列车晚点导致旅客退票时，旅客已购联程车票，可一并办理退票，不收退票费。","A","对","错","","",""
"182","《国铁客规》规定：因列车晚点导致旅客退票时，旅客已购联程车票，分别办理联程车票退票的，按《客规》第四十五条和第四十六条相关规定处理。","A","对","错","","",""
"183","《国铁客规》规定：因列车晚点导致旅客退票时联程车票，可办理退票。","B","对","错","","",""
"184","《国铁客规》规定：因列车停运导致旅客退票时，旅客可（）办理退票手续，不收退票费。","A","自列车停运信息公布时起至车票乘车日期后30日以内","自列车停运信息公布时起至车票乘车日期后180日以内","自列车停运信息公布时起30日以内","自列车停运信息公布时起180日以内",""
"185","《国铁客规》规定：因列车停运导致旅客退票时，停运列车停运信息公布前购买的联程车票，可在联程车票开车前一并办理退票，不收退票费。","A","对","错","","",""
"186","《国铁客规》规定：因列车晚点导致未乘车旅客退票时，停运列车停运信息公布前购买的联程车票，旅客分别办理联程车票退票的，按《客规》第四十五条和第四十六条相关规定处理。","A","对","错","","",""
"187","《国铁客规》规定：必要时，铁路运输企业可以临时调整退票办法。","A","对","错","","",""
"188","《国铁客规》规定：旅客携带品（）。","ABC","由自己负责看管","旅客需妥善放置携带品","不得影响公共空间使用和安全","放置在行李架",""
"189","《国铁客规》规定：旅客免费携带品的重量是：（）。","ABC","儿童10千克","外交人员35千克","其他旅客20千克","外宾35千克",""
"190","《国铁客规》规定：旅客免费携带品的规格是（）；每件重量不超过20千克。","ABC","每件物品外部尺寸长、宽、高之和不超过160厘米","杆状物品不超过200厘米","乘坐动车组列车均不超过130厘米","每件物品体积不超过160厘米",""
"191","《国铁客规》规定：平衡车、滑行器等轮式代步工具（）。","A","须使用硬质包装物妥善包装","无需包装","需使用原包装","包装后可携带",""
"192","《国铁客规》规定：（）可免费携带并不计入免费携带品范围。","AB","依靠辅助器具才能行动的老、幼、病、残、孕等特殊重点旅客旅行时代步的折叠式轮椅","以及随行婴儿使用的折叠婴儿车","折叠式轮椅","折叠婴儿车",""
"193","《国铁客规》规定：旅客携带品应当遵守国家禁止或者限制运输的相关规定。","A","对","错","","",""
"194","《国铁客规》规定：为保障车站、旅客列车等公共场所内外整洁、空气清新，（）不得随身携带乘车。","ABC","妨碍公共卫生的物品","能够损坏或污染车辆的物品","活动物（导盲犬和作为食品且经封闭箱体包装的鱼、虾、蟹、贝、软体类水产动物除外）","指甲油、空气清新剂等",""
"195","《国铁客规》规定：旅客违规携带的物品，在（）禁止进站上车。","A","乘车站","发站","中转站","终到站",""
"196","《国铁客规》规定：旅客违规携带的物品，列车不具备补收条件时可交前方停车站处理。","A","对","错","","",""
"197","《国铁客规》规定：旅客违规携带的物品，对不可分拆的整件超重、超大物品、活动物，（）。","A","按该件全部重量补收上车站至下车站行李运费","其超重部分应自上车站至下车站补收行李运费","按该件全部重量加倍补收上车站至下车站行李运费","其超重部分应自上车站至下车站加倍补收行李运费",""
"198","《国铁客规》规定：旅客违规携带的物品，在车内或下车站，对超过免费重量的物品，（）。","A","其超重部分应自上车站至下车站补收行李运费","按该件全部重量补收上车站至下车站行李运费","按该件全部重量加倍补收上车站至下车站行李运费","其超重部分应自上车站至下车站加倍补收行李运费",""
"199","《国铁客规》规定：发现（）时，列车交前方停车站处理，车站按该件物品全部重量加倍补收上车站至下车站行李运费。","ABCD","危险品","禁限物品","妨碍公共卫生的物品","污染车辆的物品",""
"200","《国铁客规》规定：旅客违规携带的物品，对有必要就地销毁的危险品或禁限物品应按有关规定处理。","A","按有关规定处理","就地销毁","予以没收","编制记录",""
"201","《国铁客规》规定：如旅客携带超重、超大的物品价值低于行李运费时，（）行李运费。","A","可按物品价值的50％核收","免收","可按物品价值核收","核收行李",""
"202","《国铁客规》规定：补收行李运费时，不得超过（）。不能判明上车站时，自始发站起计算。","AB","本次列车的始发站","本次列车的终到站","旅客上车站","旅客下车站",""
"203","《国铁客规》规定：旅客违规携带的物品，补收运费，不能判明上车站时，自始发站起计算。","A","对","错","","",""
"204","《国铁客规》规定：发现旅客遗失物品应积极寻找失主。如旅客已经下车，应编制客运记录，注明品名、件数等移交下车站。不能判明时，移交列车（）。","AB","终到站","前方站","停车站","始发站",""
"205","《国铁客规》规定：车站应设失物招领处，对本站发现或列车移交的旅客遗失物品，要及时登记、妥善保管，并在（）进行公告。","AB","12306网站","车站","网站","公共场所",""
"206","《国铁客规》规定：失主来领取遗失物品时，应（），确认无误后，由失主签收。","ABCD","查验有效身份证件、重量","核对时间、地点","核对车次、品名","核对件数、重量",""
"207","《国铁客规》规定：铁路运输企业可依据相关法律、行政法规和有关规定对保管的遗失物品核收保管费。","A","对","错","","",""
"208","《国铁客规》规定：（）不负责保管。","AB","食品","鲜活易腐物品","超重物品","大件物品",""
"209","《国铁客规》规定：无人认领的遗失物品按国家有关规定处理。","A","对","错","","",""
"210","《国铁客规》规定：运行中断，列车不能继续运行时，应妥善安排被阻旅客，及时告知相关出行信息。","A","对","错","","",""
"211","《国铁客规》规定：运行中断，旅客可以按照铁路运输企业的安排（），退票按照《客规》第五十一条办理。","ABC","返回发站","中途站退票","绕道旅行","等候通车",""
"212","《国铁客规》规定：铁路运输企业组织原列车绕道运输时，旅客()，但中途下车铁路旅客运输合同即履行终止。","A","原票不补不退","补收票价差额","退还票价差额","重新购票",""
"213","《国铁客规》规定：由于运行中断影响旅行，旅客要求出具证明时，车站应开具文字证明。","A","对","错","","",""
"214","《国铁客规》规定：在铁路运送期间旅客发生（）时，铁路运输企业应当尽力采取救助措施并做好记录。","ABC","急病","分娩","遇险","换乘",""
"215","《国铁客规》规定：铁路运输企业应当对铁路运送期间发生的旅客人身损害承担赔偿责任。","A","对","错","","",""
"216","《国铁客规》规定：旅客人身损害是（），铁路运输企业不承担赔偿责任。","AB","旅客自身健康原因造成的","铁路运输企业证明伤亡是旅客故意、重大过失造成的","旅客运送期间造成的","铁路运输企业造成的",""
"217","《国铁客规》规定：在铁路运送期间因第三人原因造成旅客人身损害的，由（）承担赔偿责任。","A","第三人","铁路运输企业","旅客","客运",""
"218","《国铁客规》规定：在铁路运送期间造成旅客人身损害的，铁路运输企业有过错的，应当在能够防止或者制止损害的范围内承担相应的补充赔偿责任。","A","对","错","","",""
"219","《国铁客规》规定：在铁路运送期间造成旅客人身损害的，铁路运输企业有过错的，（）。","A","铁路运输企业承担补充赔偿责任后，有权向第三人追偿","铁路运输企业承担补充赔偿责任","无权向第三人追偿","全部向第三人追偿",""
"220","《国铁客规》规定：在铁路运送期间发生旅客携带品毁损、灭失时，铁路运输企业过错造成的，应当承担赔偿责任。","A","对","错","","",""
"221","《国铁客规》规定：在铁路运送期间发生旅客携带品毁损、灭失时，铁路运输企业过错造成的，旅客证明其确已携带进站乘车，且能够确定携带品价格的，（）。","AB"," 旅客出具发票（或者其他有效证明）证明购买价格时，以扣除物品合理折旧、损耗后的净值予以赔偿","以处理单位所在地价格评估机构确定的物品价格予以赔偿","旅客声明价格","铁路运输企业预估价格",""
"222","《国铁客规》规定：发生旅客人身损害事故时，旅客可向（）要求赔偿。","AB","事故发生站","事故处理站","上车站","下车站",""
"223","《国铁客规》规定：旅客在车站发现携带品损失时，应当（）向发生站声明；在列车上发现时，应当在下车前声明，由列车长开具客运记录交到站处理。","A","在离开车站前","提前","立即","及时",""
"224","《国铁客规》规定：旅客在车站发现携带品损失，要求赔偿时，应当按照《客规》第九十七条规定，提交（）等有关证明。","ABC","携带品内容","携带品价格","携带进站乘车","携带品照片",""
"225","《国铁客规》规定：《客规》是旅客运输合同组成部分，旅客和铁路运输企业应当共同遵照执行。","A","对","错","","",""
"226","《国铁客规》规定：委托国铁集团及所属运输企业管理所辖线路的非控股铁路运输企业办理境内旅客运输时，以及地方铁路运输企业与国铁集团办理境内旅客过轨运输时，均应按照约定执行《客规》。","A","对","错","","",""
"227","《国铁客规》规定：车站的启用、封闭和营业范围的变更，于实施前通过（）公布。","AB","车站营业场所","12306网站","客服中心","车站进站口",""
"228","《国铁客规》规定：车站有关营业处所应有（）等内容。","ABC","营业时间","旅客旅行须知","列车时刻","票价表",""
"229","《国铁客规》规定：票价、运价和杂费按规定执行明码标价。","A","对","错","","",""
"230","《国铁客规》规定：车站有关营业处所相关规定遇有变动，须于（）公布。","A","实施前","实施后","及时","按时",""
"231","《国铁客规》规定：车站有关营业处所应有（）等内容，票价、运价和杂费按规定执行明码标价。","ABCD","营业时间、列车时刻","铁路旅客购票须知","铁路旅客旅行须知","铁路旅客乘车安全须知",""
"232","《国铁客规》规定：中国铁路客户服务中心服务网站为（）。","A","12306网站","铁路客运网站","12316网站","客运服务网站",""
"233","《国铁客规》规定：中国铁路客户服务中心服务服务电话为（）。","A","12306","12301","13206","12316",""
"234","《国铁客规》规定：中国铁路客户服务中心服务邮箱为（）。","A","kyfw@12306.cn","kfzx@12306.cn","tlky@12306.cn","tlfw@12306.cn",""
"235","《国铁客规》规定：中国铁路客户服务中心为国铁集团设立的全国统一客服服务中心，受理（）等业务。","ABC","旅客投诉","旅客建议","旅客咨询","行李托运",""
"236","《客规》授权（）负责具体解释工作。","A","国铁集团客运部","交通运输部","铁路运输企业","国铁集团",""
"237","《客规》自（）起施行。","B","2024年7月1日","2024年9月1日","2024年10月1日","2024年12月1日",""
"238","《客运电梯管理办法》规定：车站电梯防护人员、相关运营服务人员及其他工作人员发现旅客非文明乘梯、影响电梯安全稳定运行等行为要（  ）。","A","及时制止","及时说服教育","立即停用","禁止使用",""
"239","《客运电梯管理办法》规定：客运人员发现紧急情况时，立即按压扶梯急停开关，关停扶梯。","A","对","错","","",""
"240","《客运电梯管理办法》规定：客运电梯管理工作应坚持（ )的原则，积极采取先进技术和科学管理手段，提高客运电梯使用安全和管理水平，增强事故防范和应急处置能力。","ABCD","安全第一","科学设置","方便使用","节能环保",""
"241","《客运电梯管理办法》规定：客运电梯是指铁路客运车站为旅客服务的电梯，包括(  )等。","BCD","办公和生产用电梯","垂直电梯","自动扶梯","自动人行道",""
"242","《客运电梯管理办法》规定：客运高峰时段，使用单位要在关键位置安排专人（）。","ABC","进行电梯防护","疏导客流","加强乘客文明乘梯宣传","引导旅客安全乘梯",""
"243","《客运车站站内作业车辆管理办法》规定，作业车辆是指服务于客运生产或与客运生产相关的，在客运车站候车室、行包房、站台等站内客运场所作业的各类（）。","ABC","机动车辆","电动车辆","人力车辆","轮椅",""
"244","《客运车站站内作业车辆管理办法》规定，根据作业场所不同，作业车辆分为（）。","AB","站台作业车辆","室内作业车辆","轮椅","婴儿车",""
"245","《客运车站站内作业车辆管理办法》规定，除（  ）车辆外，其他车辆一律不得进入站内。","ABCD","生产用车辆","后勤保障车辆","经营服务车辆","施工检修车辆",""
"246","《客运车站站内作业车辆管理办法》规定，客运站段应与使用单位签订作业车辆安全监管协议，协议按照自然年一年一签，协议中必须明确进站作业车辆（   ）等。","ABCD","类型、数量","编号（车牌号）","装载、停放、走行线路","双方职责以及安全管理要求",""
"247","《客运车站站内作业车辆管理办法》规定，作业车辆在站台上不得侵越（   ），不得在斜坡或平过道上停留。","C","黄线","站台边缘","站台安全线","车辆",""
"248","《客运车站站内作业车辆管理办法》规定，作业车辆在地道内行驶时，必须开灯；遇转弯时（  ）。","AB","必须鸣笛","减速慢行","按原速度行驶","无需鸣笛",""
"249","《客运车站站内作业车辆管理办法》规定，作业车辆需通过平过道时，必须有专人引导，通过前必须在站台停车线前停车，并严格执行 (   )制度。","ABCD","一停","二看","三防护","四通过",""
"250","《客运车站站内作业车辆管理办法》规定，站台旅客乘降作业期间，乘降区域内禁止作业车辆移动。","A","对","错","","",""
"251","《客运车站站内作业车辆管理办法》规定，紧邻站台的线路有列车（含机车、车底）进入或驶出前5min，所靠站台一侧（以站台中心线为界）停止车辆移动。待列车（含机车、车底）通过或停车后，方可恢复作业。","A","对","错","","",""
"252","《客运车站站内作业车辆管理办法》规定，行邮牵引车作业时，牵引拖车重车不超过4辆、空车不超过5辆；混编时，不超过4辆，重车在后空车在前；严禁行驶中摘挂拖车。","B","对","错","","",""
"253","《客运车站站内作业车辆管理办法》规定，行邮拖车重车在行驶时，应派人押运，防止货物甩落。押运人员只允许在（   ），防护人员必须面向前方，双手紧握护栏，其余拖车严禁坐、卧、站人，拖车连接部位禁止人员站立。","D","拖车中部防护","拖车中部站立防护","最后一辆拖车尾部防护","最后一辆拖车尾部站立防护",""
"254","《客运车站站内作业车辆管理办法》规定，垃圾清运车辆必须采用密闭或加装盖网方式运输。","A","对","错","","",""
"255","《客运车站站内作业车辆管理办法》规定，装载行包、邮件、餐料、商品的车辆通过平交道口时，（  ）。","BC","可不加盖上封网","必须采取防物品掉落措施","并有专人防护引导","不得停留",""
"256","《客运车站站内作业车辆管理办法》规定，站台上非作业时段原则上不得存放作业车辆。","A","对","错","","",""
"257","《客运车站站内作业车辆管理办法》规定，作业时段在站台停放时，作业车辆应（   ）现场有人防护，不得影响旅客通行，不得占用应急疏散及其他通道。","ABCD","保持与线路平行","顺向摆放","采取好制动防溜措施","拖车要连挂整齐，不得侵入站台安全线，",""
"258","《客运车站站内作业车辆管理办法》规定，站台作业的非机动车辆要做到人不离车，加强防护。","A","对","错","","",""
"259","《客运车站站内作业车辆管理办法》规定，严禁人力车辆乘坐扶梯作业，严禁在人力车辆上站立、蹬地滑行。","A","对","错","","",""
"260","《太原局集团有限公司客运服务质量监督检查管理办法》所规定的服务质量问题，系指客运站车现场服务、管理过程中发生的（    ）等影响旅客运输服务质量的问题，以及有损集团公司企业形象的反映。","ABCD","设备设施状态不良","站车环境脏乱差","职工作业脱标减序","管理人员作用发挥不好",""
"261","《太原局集团有限公司客运服务质量监督检查管理办法》所规定的服务质量问题，系指违反《铁路旅客运输服务质量规范》，导致旅客（    ）的问题，以及有损集团公司企业形象的反映。","ABCD","感觉不舒适","感受不温馨","体验不美好","影响旅客运输服务质量",""
"262","《太原局集团有限公司客运服务质量监督检查管理办法》规定   服务质量问题分为三级。即：（   ）。","ABD","第一级：服务质量重大问题；","第二级：服务质量严重问题；","第二级：服务质量重点问题","第三级：服务质量一般问题",""
"263","《太原局集团有限公司客运服务质量监督检查管理办法》规定 服务质量一般问题分为：（     ）。","ABC","服务质量一般A类问题;","服务质量一般B类问题；",".服务质量一般C类问题；",".服务质量一般D类问题。",""
"264","《太原局集团有限公司客运服务质量监督检查管理办法》规定（      ）造成严重不良影响的 ，为服务质量重大问题。","ABCD","旅客投诉","货主投诉","新闻媒体曝光","舆情反映",""
"265","《太原局集团有限公司客运服务质量监督检查管理办法》规定：（     ）为服务质量重大问题。","AB"," 责任造成旅客、货主严重伤害但未构成事故的","利用职权勒卡、索要旅客、货主钱物，情节严重的；","站、车存在严重服务质量问题隐患（安全、治安、饮食），但尚未导致责任事件的。","国铁集团网络监察动态通报（未定性）的问题",""
"266","《太原局集团有限公司客运服务质量监督检查管理办法》规定：（     ）为服务质量重大问题。","AB","销售国家禁止销售的饮食品，但未造成事故的；","站、车工作人员在工作中辱骂或殴打旅客、货主造成严重不良影响或严重伤害但未构成事故的","销售的饮食品有效期过期，","所售预包装食品不符合集团公司要求的；",""
"267","《太原局集团有限公司客运服务质量监督检查管理办法》规定：（    ）为服务质量重大问题。","ABC","责任造成旅客、货主财产损坏情节严重的；","责任造成旅客、货主财产丢失","责任造成旅客、货主财产被盗，情节严重的；","责任造成旅客、货主财产损坏、丢失、被盗，情节较轻的",""
"268","《太原局集团有限公司客运服务质量监督检查管理办法》规定：(    )为服务质量重大问题。。","AB","违反国家和铁路有关收费标准、规定，乱收费造成严重不良影响的","违反国家和铁路有关收费标准、规定，乱加价造成严重不良影响的","站、车工作人员在工作中与货主发生争吵造成不良影响的；","站、车工作人员在工作中与旅客发生争吵造成不良影响的；",""
"269","《太原局集团有限公司客运服务质量监督检查管理办法》规定：(   )在社会上造成较坏影响的；为服务质量严重问题。","ABCD","旅客投诉、","货主投诉","新闻媒体曝光；","舆情反映",""
"270","《太原局集团有限公司客运服务质量监督检查管理办法》规定：(   )；为服务质量严重问题。","AB","责任造成旅客、货主轻伤害但未构成事故的","责任造成旅客、货主轻伤害但未构成事故的","责任造成旅客、货主轻伤害构成事故的","责任造成旅客、货主轻伤害构成事故的",""
"271","《太原局集团有限公司客运服务质量监督检查管理办法》规定：(   )；为服务质量严重问题。","ABCD","站、车设备、设施、备品故障、缺损，严重影响服务质量，旅客、货主反映强烈的；","利用职权运输无票人员、货物、勒卡、索要旅客、货主钱物，情节较重的；","销售集团公司限制销售的饮食品，造成不良影响的；","站、车工作人员在工作中刁难、打骂旅客、货主造成较大影响或轻伤害但未构成事故的；",""
"272","《太原局集团有限公司客运服务质量监督检查管理办法》规定：(   )但未构成安全事故的；为服务质量严重问题。","ABCD","责任造成旅客10人及以上漏乘","责任造成旅客10人及以上误乘","责任造成旅客10人及以上误降","责任造成旅客10人及以上越站",""
"273","《太原局集团有限公司客运服务质量监督检查管理办法》规定：(   )但未构成安全事故的；为服务质量严重问题。","ABC","责任造成旅客、货主财产损坏、丢失、被盗，情节较重的；","违反国家和铁路有关收费标准、规定，乱收费造成较大不良影响的。","违反国家和铁路有关收费标准、规定，乱加价造成较大不良影响的。","违反国家和铁路有关收费标准、规定，乱收费、乱加价未造成影响的。",""
"274","《太原局集团有限公司客运服务质量监督检查管理办法》规定：（    ）为一般A类问题。","ABCD","国铁集团网络监察动态通报（未定性）的问题；","旅客、货主投诉、新闻媒体曝光或舆情反映，在社会上造成不良影响的责任问题；","责任造成旅客10人以下漏乘、误乘、误降、越站但未构成安全事故的；","责任造成旅客列车始发晚点或站延的；",""
"275","《太原局集团有限公司客运服务质量监督检查管理办法》规定：（    ）为一般A类问题。","ABCD","站、车工作人员在工作中与旅客、货主发生争吵造成不良影响的；","责任造成旅客、货主财产损坏、丢失、被盗，情节较轻的；","所售预包装食品不符合集团公司要求的；","站车厕所脏、乱、差，异味重；",""
"276","《太原局集团有限公司客运服务质量监督检查管理办法》规定：（  ）为一般B类问题。","ABCD","工作人员使用服务忌语，举止粗鲁，有意冒犯，不尊重旅客的。","进站口开口数量不足，导致旅客进站时间超过10分钟的。","检票口放行无票、日期车次不符、减价不符人员进站的。","站台引导组织不到位，导致旅客上错站台的",""
"277","《太原局集团有限公司客运服务质量监督检查管理办法》规定车站引导系统、时钟系统、广播系统、揭示（    ），影响旅客方便出行的。为一般B类问题。","ABCD","揭挂管理不到位","内容更新不用时","出现该播不播、该显示不显示、","该揭挂不揭挂或信息不完整",""
"278","《太原局集团有限公司客运服务质量监督检查管理办法》规定：（  ）为一般B类问题。","ABCD","工作人员着奇装异服，浓装艳抹，敞胸露怀，理奇异发型的。","售票窗口日常排队办理客票业务人数超过20人，有增开售票窗口条件而未增开的。","列车晚点后，站车未按规定办理退票、改签或落实逢餐点免费供餐等应急处置措施的。","站车厕所设备设施故障，地面积水，影响使用或有小广告，有异味。",""
"279","《太原局集团有限公司客运服务质量监督检查管理办法》规定：（  ）为一般C类问题。","ABCD","工作人员未落实仪容整洁，统一着装标准的。","对重点旅客做不到重点关注，优先照顾，“三知三有”不落实的。","售票窗口不排队，购票秩序混乱的。","工作人员不落实文明服务用语、举止标准的。",""
"280","《太原局集团有限公司客运服务质量监督检查管理办法》规定：（  ）为一般C类问题。","ABCD","车站引导系统、时钟系统、广播系统、揭示揭挂维护不到位，出现错误信息，可能误导旅客的。","进站口拥堵，旅客进站秩序混乱的。","旅客乘降不组织先下后上，车门口秩序混乱的。","验证、检票口不落实电子客票验证、检票进出站作业标准，不通过设备查验旅客购票信息或漏验、漏检的。",""
"281","《太原局集团有限公司客运服务质量监督检查管理办法》规定：（  ）为一般C类问题。","ABCD","站车厕所服务备品配备不齐全、地面湿滑，车站厕所通风不良。","站车卫生做不到随脏随扫，视力范围内有明显垃圾。","列车晚点后，站车未按规定公告道歉的。","不落实《铁路旅客运输服务质量规范》的其他问题。",""
"282","《太原局集团有限公司客运服务质量监督检查管理办法》规定： (   )日常检查和验收发现的问题及其他均为服务质量问题的来源。","ABCD","媒体曝光（广播、电视、报纸等传统媒体）","网络舆情（互联网、微博、微信等新媒体）","国铁集团服务质量通报（网络监察通报）","旅客投诉；",""
"283","无法交付物品是指无法交付旅客的遗失物品和无人领取的暂存物品。","A","对","错","","",""
"284","《客运车站无法交付物品管理办法》规定  遗失物品、暂存物品从收到日起，车站对（   ）天内仍无人领取的物品进行通告，通告（    ）天以后仍无人领取时，确认为无法交付物品。","C","30","60","90","180",""
"285","《客运车站无法交付物品管理办法》规定  无法交付物品管理应坚持（    ）、按章处理的原则。","ABCD","物归原主","动态写实","妥善保管","合法移交",""
"286","《客运车站无法交付物品管理办法》规定  无法交付物品管理小组负责无法交付物品（    ）等管理工作，小组办公室设在客运职能科室，负责无法交付物品日常管理、审核等相关工作。","ABC","变卖处所选定","变卖过程监督","变卖进款处理","变卖款额支配",""
"287","《客运车站无法交付物品管理办法》规定  遗失物品、暂存物品从收到日起，对（   ）天内仍无人领取的物品，车站应在失物招领处明显位置进行通告。","C","30","60","90","180",""
"288","《客运车站无法交付物品管理办法》规定  为提高无主物品认领率，各车站应采用微博、微信等方式发布通告信息，便于旅客查找和认领。","A","对","错","","",""
"289","《客运车站无法交付物品管理办法》规定  产生无法交付物品，各车站应实行（   ），做到账物相符，按照规定期限妥善保管，不得隐瞒不报或私自处理，无法交付行包不得顶件运输、顶件交付。","ABCD","分区管理","隔离设置","单独存放","并建立无法交付物品台账",""
"290","《客运车站无法交付物品管理办法》规定 对于通告满90日仍无人领取的无法交付物品，各车站（车间）应填制(   )，报所属站段主管科室进行审批。","A","无法交付物品审核表》","客运记录","电子客运记录","台账",""
"291","《客运车站无法交付物品管理办法》规定各站段无法交付物品管理领导小组原则上应通过招标的方式选定无法交付行包的变卖处所，变卖处所必须在相关部门登记注册，具有相关营业资质，年审合格，经营范围符合相关规定。","A","对","错","","",""
"292","《客运车站无法交付物品管理办法》规定  对无法交付物品的变卖，对变卖所得款项，扣除所发生的保管费、变卖手续费等费用的剩余款额，旅客（   ）天以内来领取时，承运人凭旅客出具的物品所有权的书面证明办理退款手续。不来领取时，按规定上缴。","D","30","60","90","180",""
"293","《客运车站无法交付物品管理办法》规定  各单位管内没有具有资质便卖处所，可委托其他单位对无法交付物品进行变卖，并指定专人全程参与变卖过程。","A","对","错","","",""
"294","《客运车站无法交付物品管理办法》规定  对（   ）、各种证件以及国家法令规定不能买卖的物品，不得变卖。","ABCD","军用品","危险品","国家禁止和限制运输的物品","机要文件",""
"295","《客运车站无法交付物品管理办法》规定  对不得变卖的物品应及时交（   ）处理，对旅客购票需出示的有效证件，应设法联系交由旅客。","D","客运科","公安","客运部","有关部门",""
"296","《客运车站无法交付物品管理办法》规定  对（    ）。","ABC","药品不得变卖，应销毁处理","对鲜活不易长期保管的物品应及时处理","对易腐烂变质等不易长期保管的物品应及时处理","其他物品",""
"297","《太原局集团有限公司客运设备设施管理办法》（太铁客【2020】40号）规定 客运设备管理工作应围绕以旅客为中心，本着让旅客出行体验更美好的目标，坚持（    ）的原则，推行客运设备一体化管理、专业化维护。","D","“安全第一、先进高效”","“、科学规范、保障有力”","“安全第一、科学规范”","“安全第一、先进高效、科学规范、保障有力”",""
"298","《太原局集团有限公司客运设备设施管理办法》规定 客票设备主要包括（    ）扫描枪、证件识读器、售票桌椅等）、客票席位自助办理终端、售票终端防护设备等，以及相关配套管线。","ABCD","自动售取票机、自动检票机","实名制验证设备设施","人工售补票设备（含制票机","电脑、窗口对讲设备、",""
"299","《太原局集团有限公司客运设备设施管理办法》规定 客运电梯是指铁路客运车站为旅客服务的电梯（不含基坑、集水井、垂直电梯井道以及相关附属设备设施）,包括（   ）。","AB","垂直电梯","自动扶梯","办公用电梯","生产用电梯",""
"300","《太原局集团有限公司客运设备设施管理办法》规定安检设备包括安检仪（含延长装置、摄像机）、安全门（含摄像机）、（      ）防爆毯、处置台等。","ABCD","爆炸物测探仪","液体检查仪","手持金属探测仪","防爆罐",""
"301","《太原局集团有限公司客运设备设施管理办法》规定  饮水设备包括（     ）。","ABC","站房内供旅客使用的电加热饮水设备","直饮水设备","非空调列车配备的保温桶","",""
"302","《太原局集团有限公司客运设备设施管理办法》规定移动作业终端包括（     ）等。","ABC","音视频记录仪","对讲机","手持作业终端","",""
"303","《太原局集团有限公司客运设备设施管理办法》规定 工作人员要注意保持客票设备终端外部的清洁，（   ）按规定对其进行保洁。","A","每日","每周","每旬","每月",""
"304","《太原局集团有限公司客运设备设施管理办法》规定加强对自动售取票机、自动检票机、实名制验证设备的巡视，指导旅客使用，防止操作不当损坏设备。发现旅客进行破坏性操作，应及时制止。","A","对","错","","",""
"305","《太原局集团有限公司客运设备设施管理办法》规定当班客运人员如发现客票设备故障时，及时通知（   ）进行处理。","A","维修人员","客运值班员","客运主任","站长",""
"306","《太原局集团有限公司客运设备设施管理办法》规定 建设有旅服系统的客运车站应配备专兼职综控人员，综控员要熟练掌握旅服系统操作流程。","A","对","错","","",""
"307","《太原局集团有限公司客运设备设施管理办法》规定  遇列车晚点、变更、调图等情况及时调整车次等信息时综控员负责具体操作，确保旅服系统信息准确无误。","A","对","错","","",""
"308","《太原局集团有限公司客运设备设施管理办法》规定 加强对旅服系统运行状态的监视，发现广播、显示屏等终端异常情况时进行应急处理。如出现不能解决的故障时，要（    ）。","AB","立即通知维护单位","并做好相关记录","立即通知客运值班员","立即通知客运主任",""
"309","《太原局集团有限公司客运设备设施管理办法》规定对旅服设备设施要爱护，（    ）。","ABCD","认真执行操作规程","认真执行日常保洁制度","做好交接班","杜绝人为故障",""
"310","《太原局集团有限公司客运设备设施管理办法》规定  做好智能查询设备资料库信息定期更新，确保终端信息正确有效。","A","对","错","","",""
"311","《太原局集团有限公司客运设备设施管理办法》规定 站车(     )。","AB","要掌握广播系统的使用状态","有异常现象，及时联系维护单位恢复","通知客运值班员","通知客运员",""
"312","《太原局集团有限公司客运设备设施管理办法》规定工具备品要（    ）备品管理要做到管理有制度、日常有检查、有考核。","ABCD","定置管理","摆放整齐","干净、清洁","无破损，",""
"313","《太原局集团有限公司客运设备设施管理办法》规定  交接班时，要对照登记项点逐一检查，将工具备品损坏、缺少情况填写在交班工作日志上，做到（    ）。","ABD","交必交清","接必接明","交后负责","接后负责",""
"314","《太原局集团有限公司客运设备设施管理办法》规定 工具备品损坏时要（       ）。","ABC","及时维修","反馈信息","确因产品质量问题损坏时，要及时与厂家联系进行维修","确因产品质量问题损坏时，要及时作好记录修",""
"315","《太原局集团有限公司客运设备设施管理办法》规定 各站段要严格工具备品考核管理，发现没有定置管理或交接班不达标时，追究有关人员责任。","A","对","错","","",""
"316","《太原局集团有限公司客运设备设施管理办法》规定  客运站车针对可能引发人身伤害的服务备品（剪刀、针线包、壁纸刀等）必须（   ）。","A","隐蔽保管","定位存放","专人保管","封闭保管",""
"317","《太原局集团有限公司客运设备设施管理办法》规定  各类应急备品（消防锤、消防斧、破拆钩等）必须（   ）。","B","隐蔽保管","定位存放","专人保管","封闭保管",""
"318","《太原局集团有限公司客运设备设施管理办法》规定  站车所有可能引发人身伤害的工具备品一律外借必须登记。","B","对","错","","",""
"319","《太原局集团有限公司客运设备设施管理办法》规定  升降平台使用前必须检查（    ），确保人身安全。","ABC","漏电保护器","升性能是否良好","降性能是否良好","运行",""
"320","《太原局集团有限公司客运设备设施管理办法》规定   使用升降平台作业时，（   ）。","ABC","须配备防护人员监护","须配备防护人员配合","确保作业人员安全","可无人防护",""
"321","《太原局集团有限公司客运设备设施管理办法》规定   升降平台作业时，（    ）。","AB","周围须使用隔离设施设置隔离区域","隔离区域内无闲杂人员进出","隔离区域内无人员","隔离区域内可无人员",""
"322","《太原局集团有限公司客运设备设施管理办法》规定   登高作业时，（     ）。","ABCD","必须定位固定支撑平稳","严禁在操作台做剧烈的人为晃动","登高作业人员必须配备安全带，站稳抓牢","严禁身体悬空作业",""
"323","《太原局集团有限公司客运设备设施管理办法》规定   登高作业时，整机不得水平移动交换作业点。","A","对","错","","",""
"324","《太原局集团有限公司客运设备设施管理办法》规定   登高作业时，操作台上人员（    ）。","ABCD","不得超过两人","应位于中心位置","抓好站稳","防止发生意外",""
"325","《太原局集团有限公司客运设备设施管理办法》规定   （    ）。","ABCD","严禁升降平台带病作业","严禁在操作台上带电作业","风力超过五级时，不得在室外作业","使用水管冲高空玻璃时，必须将电机盖严，防止漏电",""
"326","《太原局集团有限公司客运设备设施管理办法》规定  管理人员（   ）对机器表面卫生进行一次清洁。","B","每日","每周","每旬","每月",""
"327","《太原局集团有限公司客运设备设施管理办法》规定  管理人员对机器（   ）试验一次，以随时保持正常运转，并对机械传动部位点油润滑。","D","每日","每周","每旬","每月",""
"328","《太原局集团有限公司客运设备设施管理办法》规定  发现机器故障，（     ）。","ABCD","不得随意拆卸，通知厂家进行维修","并做好记录","每次使用完毕，要注意保持清洁","固定位置锁闭存放",""
"329","《太原局集团有限公司客运设备设施管理办法》规定  （    ）使用前要检查设备状态，状态不良时禁止使用。","ABCD"," 行包牵引车","拖车","其他装卸、搬运机具","其他提升机具",""
"330","《太原局集团有限公司客运设备设施管理办法》规定   站台作业时，严格遵守《客运车站站内作业车辆管理办法》相关要求。","A","对","错","","",""
"331","《太原局集团有限公司客运设备设施管理办法》规定    计量设备设在行包房、进出站口处，分别由站段指定的（     ）负责保管。","C","客运值班员","客运人员","行李员和进出站口客运员","客运负责人",""
"332","《太原局集团有限公司客运设备设施管理办法》规定  （    ）。","ABCD"," 不得使用鉴定不合格或超使用周期的计量设备","不得外借和挪作他用","因使用、保管不当造成丢失、损坏追究相关人员责任","严重腐蚀的追究相关人员责任",""
"333","《太原局集团有限公司客运设备设施管理办法》规定   行包设备的维修由各使用单位负责，故障时及时组织维修，并做好维修保养记录。","A","对","错","","",""
"334","《太原局集团有限公司客运设备设施管理办法》规定   在用的电梯（    ）。","ABC","每年必须经特种设备检验检测机构检验合格后方可使用","未经定期检验或检验不合格的电梯不得继续使用","无有效合格标志的客运电梯，不得继续使用","",""
"335","《太原局集团有限公司客运设备设施管理办法》规定   电梯使用单位电梯安全管理人员应取得相应项目的《特种设备作业人员证》。","A","对","错","","",""
"336","《太原局集团有限公司客运设备设施管理办法》规定   （     ），发现违反规定的行为应及时制止，杜绝一切不利于电梯安全运行的行为。","A","严禁利用客运电梯载运货物","严禁多人乘梯","严禁利用客运电梯载运旅客","",""
"337","《太原局集团有限公司客运设备设施管理办法》规定   各站段必须（     ）按规定程序对电梯进行巡检，检查确认正常后方可投入运行。","A","每日","每周","每旬","每月",""
"338","《太原局集团有限公司客运设备设施管理办法》规定  电梯明显位置（    ）。","ABC","应设置旅客安全乘坐须知","应设置旅客警示标志，客流高峰时电梯运行必须有人监护","客流高峰时电梯运行必须有人监护","客流高峰时电梯运行只需做好宣传",""
"339","《太原局集团有限公司客运设备设施管理办法》规定   电梯突发故障危及运行安全时，车站工作人员应（      ）。客运电梯经排除故障、消除隐患后，方可继续使用。","ABCD","立即关停电梯","设置“故障停用”警示牌","做好防护","并立即通知维保单位进行全面检查",""
"340","《太原局集团有限公司客运设备设施管理办法》规定   同一处所多部电梯应分时段交替使用，原则上不得单梯长时间运行，以利于延长设备使用寿命。","A","对","错","","",""
"341","《太原局集团有限公司客运设备设施管理办法》规定   电梯故障维修、维保作业时，直梯各层站、扶梯上下出入口作业区域(    )，防止闲杂人员误闯入。","A","应设置隔离围挡","安排人员防护","可安排人员防护","必须安排人员防护",""
"342","《太原局集团有限公司客运设备设施管理办法》规定   站台电梯作业时，隔离围挡要固定牢固，防止被风吹落股道。","A","对","错","","",""
"343","《太原局集团有限公司客运设备设施管理办法》规定   车站进站口，站外通往贵宾室、商务座候车室的专用通道应配安检仪和安检门；发送行包50件以上的车站行包房应配备安检仪。","A","对","错","","",""
"344","《太原局集团有限公司客运设备设施管理办法》规定    (    )。","ABCD","车站进站口安检区域应按规定配置手持金属探测器","防爆罐和防爆毯","反恐重点车站还应配备爆炸品探测仪","反恐重点车站还应配备液体探测仪",""
"345","《太原局集团有限公司客运设备设施管理办法》规定    安检设备由具备专业安防资质的维护单位负责，各站段应与维保单位签订维保协议，设备发生故障及时通知设备维护单位派员进行维修，并做好设备维修记录。","A","对","错","","",""
"346","《太原局集团有限公司客运设备设施管理办法》规定    各站段应对首次上岗的铁路职工安检查危人员应进行（     ）。实行安检业务外包的车站，培训工作由外包单位负责。","ABCD","安全知识培训","业务知识培训","实作技能培训","每年组织岗位适应性培训",""
"347","《太原局集团有限公司客运设备设施管理办法》规定  为旅客服务的车站电开水器、直饮水设备，列车保温桶，站车要(      )，加强日常管理。","D","加强管理","重点管理","有设备管理人员","明确设备管理人员",""
"348","《太原局集团有限公司客运设备设施管理办法》规定  客运工作人员要加强饮水设备动态巡视，（    ）。","ABCD","热水要烧开烧满","杜绝干烧","防止水不热","供应不及时",""
"349","《太原局集团有限公司客运设备设施管理办法》规定   客运工作人员要对饮水处卫生定时检查，督促保洁人员及时清理，节约用水。","A","对","错","","",""
"350","《太原局集团有限公司客运设备设施管理办法》规定   （     ），防止有人蓄意破坏或投毒。","AB","可开启式箱盖的车站电开水器实行加锁制度","列车保温桶实行加锁制度","可开启式箱盖的车站电开水器重点管理","列车保温桶实行重点管理",""
"351","《太原局集团有限公司客运设备设施管理办法》规定   遇车站停水时，（     ）。","ABC","启动供水应急预案","在候车室指定处所放置临时饮水设备","车站定点定时送水","及时通知旅客即可",""
"352","《太原局集团有限公司客运设备设施管理办法》规定  音视频记录仪、对讲机、手持作业终端等移动作业终端的发放实行签字领取制度，领取人必须注明(      )。","ABCD","岗位","职称","姓名","领取原因",""
"353","《太原局集团有限公司客运设备设施管理办法》规定  岗位交接的移动作业终端，接班时必须(      )。","ABCD","检查设备状态是否良好","个人保管的移动作业终端应妥善保管","爱护使用","上岗前保证电量充足",""
"354","《太原局集团有限公司客运设备设施管理办法》规定   使用对讲机讲话时，(     )。","ABC","用语要简明扼要","使用文明用语","严禁讲与工作无关的事情","可安排简单的其他事宜",""
"355","《太原局集团有限公司客运设备设施管理办法》规定   移动作业终端仅限于在值班时携带使用。（      ）等行为。","ABCD","严禁转借他人","严禁个人携带外出","严禁私自乱拆、乱调","严禁私自抛扔、敲打",""
"356","《太原局集团有限公司客运设备设施管理办法》规定   移动作业终端仅限于在值班时携带使用。对人为造成损坏、丢失者，将追究责任，并按价赔偿。","A","对","错","","",""
"357","《太原局集团有限公司客运设备设施管理办法》规定   在（     ）内设置温度计，用于测量室温。","ABCD","候车室","售票厅","软席","贵宾室",""
"358","《太原局集团有限公司客运设备设施管理办法》规定  在供热期和制冷期内，站段要指定人员根据气温变化负责开启设备。原则上保持（     ）。若室温不符合以上标准，工作人员应及时调整。","AB","冬季18℃-20℃","夏季26℃-28℃","冬季18℃-22℃","夏季24℃-28℃",""
"359","《太原局集团有限公司客运设备设施管理办法》规定   车站空调系统出现故障时，要组织维保厂家进行修复，属于房建部门负责维修的，及时通知房建部门及时处理。无法及时修复时，要及时向旅客做好解释工作。","A","对","错","","",""
"360","《太原局集团有限公司客运设备设施管理办法》规定    车站空调系统维保人员负责对设备设施每天巡检一次，定期保养，发现故障及时处理，确保运用状态良好。","A","对","错","","",""
"361","《太原局集团有限公司客运设备设施管理办法》规定   车站空调系统每年停用时要维保一次，为下年的使用打好基础。","A","对","错","","",""
"362","《太原局集团有限公司客运设备设施管理办法》规定   使用人员发现空调系统有异常现象，（    ）。","BCD","只需通知客运值班员","应及时关掉电源","通知维保人员处理","不得擅自拆卸处理",""
"363","《太原局集团有限公司客运设备设施管理办法》规定   客运车站要加强站区旅客进出站通道照明灯具的日常巡视检查，发现故障应及时更换。遇站房照明配线设备故障时，及时联系房建部门处置。","A","对","错","","",""
"364","《太原局集团有限公司客运设备设施管理办法》规定   监控人员要严格执行各项操作使用规程，（     ）。","ABCD","严禁乱动调设备","严禁乱调设备","及时制止无关人员操作监控设备","确保系统正常使用",""
"365","《太原局集团有限公司客运设备设施管理办法》规定    监控人员对监控探头角度(      )。","ABCD","要进行实时监测和管理","防止监控探头长时间监控无效角度","发现图像缺失、黑屏、图像质量劣化等影响使用的问题，要及时向维护部门申告故障","并做好相关记录",""
"366","《太原局集团有限公司客运设备设施管理办法》规定   发生故障时，站段应迅速组织组织有关人员积极抢修并做好原因分析。凡因使用管理不善，维修不及时造成损失的，要追究当事人和有关领导责任。","A","对","错","","",""
"367","《太原局集团有限公司客运设备设施管理办法》规定   客运设备发生故障时，使用管理人员应做好现场记录：(      )故障处理情况及采取的措施；故障报告人姓名、职务、报告时间。","ABCD","故障发生的时间、地点","设备设施名称、型号规格、负责人姓名","故障简要概况","故障性质及初步原因",""
"368","《太原局集团有限公司客运设备设施管理办法》规定 各站段对设备因人为故障应做到“(   )”。","ABCD","故障原因分析不清不放过","故障责任者未分清不放过","没有整改措施不放过","没有处理结果不放过",""
"369","中铁银通卡卡背面印有持卡人的（   ）。","ABC","有效身份证件号码","姓名","照片","性别",""
"370","《中国铁路太原局集团有限公司中铁银通卡使用管理办法》规定  中铁银通卡分为金卡和银卡两种。","A","对","错","","",""
"371","《中国铁路太原局集团有限公司中铁银通卡使用管理办法》规定  卡片丢失后，持卡人（    ）。","AB","可通过中铁银通公司客服电话（4008-368-368）办理临时挂失","也可在中铁银通卡窗口办理正式挂失","不可挂失","不予挂失",""
"372","《中国铁路太原局集团有限公司中铁银通卡使用管理办法》规定 挂失仅支持联机账户的挂失，不支持电子现金的挂失。","A","对","错","","",""
"373","《中国铁路太原局集团有限公司中铁银通卡使用管理办法》规定卡片正式挂失后不能解挂，持卡人可即时办理补卡或退卡。","A","对","错","","",""
"374","《中国铁路太原局集团有限公司中铁银通卡使用管理办法》规定   旅客刷卡进站后，仍在同一车站刷卡出站时，进出站刷卡时间（    ）的，由闸机自动扣减2元钱款。","AB","间隔小于30分钟","间隔等于30分钟","超过30分钟","超过60分钟",""
"375","《中国铁路太原局集团有限公司中铁银通卡使用管理办法》规定   旅客刷卡进站后，仍在同一车站刷卡出站时，进出站时间间隔在30分钟至2小时的，按（   ）扣减一次往返票款。","B","本车次全程","本站至最远到站","本站至最近到站","本站至终点站",""
"376","《中国铁路太原局集团有限公司中铁银通卡使用管理办法》规定   旅客刷卡进站后，仍在同一车站刷卡出站时，超过2小时的，按（   ）扣减一次往返票款。","A","本车次全程","本站至最远到站","本站至最近到站","本站至终点站",""
"377","《中国铁路太原局集团有限公司中铁银通卡使用管理办法》规定   旅客刷卡进站后，仍在同一车站刷卡出站时，因铁路或其他特殊原因，免收相关费用。","A","对","错","","",""
"378","《中国铁路太原局集团有限公司中铁银通卡使用管理办法》规定    旅客乘车至到站后，经出站闸机读卡确认车次与到站不符的，旅客应到车站到补窗口处理：可以判明进站的，按（     ）。","A","实际乘车区间扣减票款","出站至本线最远到站扣减一次单程票款","本站至最近到站","本站至终点站",""
"379","《中国铁路太原局集团有限公司中铁银通卡使用管理办法》规定    旅客乘车至到站后，经出站闸机读卡确认车次与到站不符的，旅客应到车站到补窗口处理：无法判明进站的，按（    ）。","B","实际乘车区间扣减票款","出站至本线最远到站扣减一次单程票款","本站至最近到站","本站至终点站",""
"380","《中国铁路太原局集团有限公司中铁银通卡使用管理办法》规定   旅客在出站前发现卡芯片损坏的，应当声明并另行补票，出站时需在到补窗口办理坏卡登记。","A","对","错","","",""
"381","《中国铁路太原局集团有限公司中铁银通卡使用管理办法》规定    旅客在出站前发现卡丢失的，应当声明并另行补票，出站时需在到补窗口办理卡丢失登记。","A","对","错","","",""
"382","《中国铁路太原局集团有限公司中铁银通卡使用管理办法》规定    旅客找回卡后，可持卡和补制车票在中铁银通卡窗口注销进站记录。","A","对","错","","",""
"383","《中国铁路太原局集团有限公司中铁银通卡使用管理办法》规定    进出站异常补扣时，若卡片电子现金余额不足，告知旅客需先办理圈存。","A","对","错","","",""
"384","《中国铁路太原局集团有限公司中铁银通卡使用管理办法》规定   旅客进出站时，若闸机提示重复刷卡的，安排通过人工检票通道进出站。","A","对","错","","",""
"385","《中国铁路太原局集团有限公司中铁银通卡使用管理办法》规定   旅客在铁路运输过程中发生人身伤害事故、影响正常旅行的，站车应记录其有效身份证件和中铁银通卡号码。","A","对","错","","",""
"386","《中国铁路太原局集团有限公司中铁银通卡使用管理办法》规定    旅客持伪造、涂改的中铁银通卡乘车时，按照(   )处理。","A","无票旅客","不予乘车","加倍核收票价","不予办理",""
"387","《中国铁路太原局集团有限公司中铁银通卡使用管理办法》规定   车站应在中铁银通卡业务窗口、进出站闸机处设置中铁银通卡揭示，方便旅客购卡、乘车。","A","对","错","","",""
"388","《中国铁路太原局集团有限公司中铁银通卡使用管理办法》规定   旅客刷卡进出站后，自（    ）可在开办中铁银通卡业务车站专口补打报销凭证，逾期不予办理。","C","乘车之日起15日内","乘车之日起20日内","乘车之日起31日内","乘车之日起60日内",""
"389","《中国铁路太原局集团有限公司中铁银通卡使用管理办法》规定    持卡人持卡进站、乘车时，（    ）。","AB","限持卡人本人使用有效","可不再出示其它有效身份证件","持卡人可将卡转借他人","",""
"390","《中国铁路太原局集团有限公司中铁银通卡使用管理办法》规定    中铁银通卡不得出租、转借，因持卡人(     )等原因被他人使用的，一切后果由持卡人承担。","ABCD","出租","转借","遗失","被盗",""
"391","《中国铁路太原局集团有限公司中铁银通卡使用管理办法》规定   持中铁银通卡直接刷卡乘车时仅适用于普通成人票，不适用于优惠票。需要享受优惠时应另行购票。","A","对","错","","",""
"392","《中国铁路太原局集团有限公司中铁银通卡使用管理办法》规定  中铁银通卡限每趟次一人使用有效。持卡乘车时，未完成一次“进闸—出闸”刷卡流程的不能再次进闸刷卡乘车。","A","对","错","","",""
"393","《中国铁路太原局集团有限公司中铁银通卡使用管理办法》规定  旅客刷卡进站时，卡内余额不得少于所乘列车自乘车站至终到站的全价票款，(     )。","A","卡内余额不足时不能刷卡进站","卡内余额不足时不予乘车","卡内余额不足时可先进站","卡内余额不足时加倍补收票款",""
"394","《中国铁路太原局集团有限公司中铁银通卡使用管理办法》规定 　持银卡旅客（    ）。","ABCD","限乘坐二等座席位","并按二等座票价扣款","持金卡旅客限乘坐一等座席位","并按一等座票价扣款",""
"395","《中国铁路太原局集团有限公司中铁银通卡使用管理办法》规定 　 遇有重点运输关闭该趟列车各站刷卡乘车功能时车站要做好宣传揭示，引导持卡旅客乘坐后续列车。","A","对","错","","",""
"396","《国铁集团关于明确退票改签收费有关事项的通知》（铁客〔2021〕15号）（铁客〔2024〕6号修改）规定 改签费按如下梯次标准核收: （   ），均不收改签费。","ABC","距票面乘车站开车前48小时以上改签时","开车前不足48小时改签票面乘车日期及以前的列车时","以及开车后在当日24时之前改签当日其他列车时","开车后在当日24时之前改签次日其他列车时",""
"397","《国铁集团关于明确退票改签收费有关事项的通知》（铁客〔2021〕15号）（铁客〔2024〕6号修改）规定：改签费按如下梯次标准核收: 开车前24小时以上、不足48小时，改签票面乘车日期之后的列车时，按改签前后低票价车票票面价格的（    ）计。","A","5%","15%","30%","40%",""
"398","《国铁集团关于明确退票改签收费有关事项的通知》（铁客〔2021〕15号）（铁客〔2024〕6号修改）规定： 改签费按如下梯次标准核收: 开车前不足24小时，改签票面乘车日期之后的列车时，按改签前后低票价车票票面价格的（  ）计。","B","5%","15%","30%","40%",""
"399","《国铁集团关于明确退票改签收费有关事项的通知》（铁客〔2021〕15号）（铁客〔2024〕6号修改）规定：改签费按如下梯次标准核收: 开车后在当日24 时之前，改签次日及以后列车时，按改签前后低票价车票票面价格的（   ）计。","D","5%","15%","30%","40%",""
"400","《国铁集团关于明确退票改签收费有关事项的通知》（铁客〔2021〕15号）（铁客〔2024〕6号修改）规定： 距票面乘车站开车前不足8天的车票，改签至开车前8天以上的列车，又在距开车前8天以上退票的，核收（   ）的退票费。","A","5%","15%","30%","40%",""
"401","《国铁集团关于明确退票改签收费有关事项的通知》（铁客〔2021〕15号）（铁客〔2024〕6号修改）规定： 退票费、改签费以（   ）为单位，尾数小于2.5角的舍去、2.5角以上且小于7.5角的计为5 角、7.5角以上的进为1元。","B","2.5角","5角","7.5角","1元",""
"402","《国铁集团关于明确退票改签收费有关事项的通知》（铁客〔2021〕15号）（铁客〔2024〕6号修改）规定：办理车票改签产生票价差额需退还或补收时，票价差额按“应收－已收”原则计算，其中:“应收”指旅客改签后新车票的票面价格，“已收”指改签前原车票的票面价格。","A","对","错","","",""
"403","《国铁集团关于明确退票改签收费有关事项的通知》（铁客〔2021〕15号）（铁客〔2024〕6号修改）规定：当改签后的票价高于原票价时，应补收票价差额；低于原票价时，应退还票价差额，并对（    ）按梯次标准核收退票费。","A","票价差额部分","票面票价","高票价","低票价",""
"404","《国铁集团关于明确退票改签收费有关事项的通知》（铁客〔2021〕15号）（铁客〔2024〕6号修改）规定：开车后办理车票改签产生票价差额需退还时，按开车前（   ）标准对票价差额部分核收退票费。","D","超过8天","不足8天","不足48小时","不足24小时",""
"405","《国铁集团客运部关于进一步规范现场客运业务办理的通知》（客管电【2023】53号）规定： 通过优惠资质核验的学生乘车时，列车应通过手持作业终端核验学生优惠票区间与学生证填写优惠区间是否一致。 如区间不一致时，对于已购学生优惠票区间超过学生证记载的优惠区间的，（     ）。","AB","核收超过区间的票价差额","已核减的优惠次数不予退还","可不核收超过区间的票价差额","退还已核减的优惠次数。 ",""
"406","《国铁集团客运部关于进一步规范现场客运业务办理的通知》（客管电【2023】53号）规定：通过优惠资质核验的学生乘车时，列车应通过手持作业终端核验学生优惠票区间与学生证填写优惠区间是否一致。 如区间不一致时，对于不符合学生证中优惠乘车区间或不符合减价优惠条件的，（   ）。","ABC","按全程全价核收票价差额","按规定核收加收票款","退还已核减的优惠次数","已核减的优惠次数不予退还",""
"407","《国铁集团客运部关于进一步规范现场客运业务办理的通知》（客管电【2023】53号）规定：未通过优惠资质核验购买学生优惠票乘车时，列车应先办理补收票价差额手续。如已购学生优惠票区间与学生证中优 惠区间一致时，则按优惠区间(     )。","AD","补全票价","分别核收超过区间的票价差额","按全程全价核收票价差额","开具客运记录",""
"408","《国铁集团客运部关于进一步规范现场客运业务办理的通知》（客管电【2023】53号）规定：未通过优惠资质核验购买学生优惠票乘车时，列车应先办理补收票价差额手续。如学生已购车票区间超过学生证记载的优惠区间乘车的，(     )。","BCD","补全票价","分别核收超过区间的票价差额","分别核收已购车票区间与优惠区间一致部分的票价差额","开具客运记录",""
"409","《国铁集团客运部关于进一步规范现场客运业务办理的通知》（客管电【2023】53号）规定：未通过优惠资质核验购买学生优惠票乘车时，列车应先办理补收票价差额手续。对于不符合学生证中优惠乘车区间或不符合减价优惠条件的，（    ）。","ABC","按全程全价核收票价差额","按规定核收加收票款","退还已核减的优惠次数","开具客运记录",""
"410","《国铁集团客运部关于进一步规范现场客运业务办理的通知》（客管电【2023】53号）规定：旅客到站后可凭(     )，30 日以内到车站售票窗口办理资质核验。","ABCD","车补车票","学生证","购票时所使用的有效 身份证件","列车如开具纸质客运记录，还应携带纸质客运记 录",""
"411","《国铁集团客运部关于进一步规范现场客运业务办理的通知》（客管电【2023】53号）规定：旅客到站后可凭齐全的有效证件，（    ）到车站售票窗口办理资质核验。","D","15 日","15日以内","30 日","30 日以内",""
"412","《国铁集团客运部关于进一步规范现场客运业务办理的通知》（客管电【2023】53号）规定：旅客到站后可凭齐全的有效证件，30 日以内到车站售票窗口办理资质核验，(    )。","ABC","核验通过的退还已购车票与优惠区间一致部分的车补车票","核验未通过的退还 已核减的优惠次数，车补车票不退","核验未通过的车补车票不退","不予退款",""
"413","《国铁集团客运部关于进一步规范现场客运业务办理的通知》（客管电【2023】53号）规定： 旅客已购学生优惠票区间的发到站与学生证优惠区间的发到站为同城车站，视为区间一致。","A","对","错","","",""
"414","《国铁集团客运部关于进一步规范现场客运业务办理的通知》（客管电【2023】53号）规定： 已购学生优惠票区间超过学生证记载的优惠区间时，如所乘列车不停靠学生证优惠区间的发到站时，（    ）办理补收票价差额手续。","C","按学生证优惠区间内与发站最近列车停靠站","按学生证优惠区间内与到站最近列车停靠站","按学生证优惠区间内与发到站最近列车停靠站","按学生证优惠区间最近列车停靠站",""
"415","《国铁集团客运部关于进一步规范现场客运业务办理的通知》（客管电【2023】53号）规定：站车应严格按照《国铁集团铁路旅客运输规程》第十五条 规定发售儿童优惠票，无票儿童办理进站补票和列车补票时， 儿童优惠票应与（   ）。旅客购票后， 再行单独购买儿童优惠票时，可通过人工售票窗口办理，但应符合儿童优惠票发售有关规定。","A","同行成年人所持车票席别相同","同行成年人所持车票等级相同","同行成年人所持车票票价相同","同行成年人所持车票乘车站相同",""
"416","《国铁集团客运部关于进一步规范现场客运业务办理的通知》（客管电【2023】53号）规定：站车应严格按照《国铁集团铁路旅客运输规程》第十五条 规定发售儿童优惠票，旅客购票后， 再行单独购买儿童优惠票时，可通过人工售票窗口办理，但应符合儿童优惠票发售有关规定。","A","对","错","","",""
"417","《国铁集团客运部关于进一步规范现场客运业务办理的通知》（客管电【2023】53号）规定：成人旅客要求与儿童共用一个卧铺时，可按（    ）补售同席儿童票。","A","卧铺对应等级座席儿童优惠票价","成人对应等级座席儿童优惠票价","最高对应等级座席儿童优惠票价","卧铺最低应等级座席儿童优惠票价",""
"418","《国铁集团客运部关于进一步规范现场客运业务办理的通知》（客管电【2023】53号）规定：对于应购票而未购票的儿童旅客应引导购票后乘车。","A","对","错","","",""
"419","《国铁集团客运部关于进一步规范现场客运业务办理的通知》（客管电【2023】53号）规定：对于无法提供有效身份证件的免费乘车儿童，（   ）。","AB","如根据实际情况能够判定为免费乘车儿童的，可允许先上车再补办申明手续","不能判明时应引导儿童旅客先办理临时乘车身份证明","不予乘车","可免于补票",""
"420","《国铁集团客运部关于进一步规范现场客运业务办理的通知》（客管电【2023】53号）规定：儿童在列车上办理越站时，以(     )。","A","越站车票乘车日期计算年龄","原车票乘车日期计算年龄","实际日期计算年龄","办理车票乘车日期计算年龄",""
"421","《国铁集团客运部关于进一步规范现场客运业务办理的通知》（客管电【2023】53号）规定：未满6周岁儿童凭新生儿出生医学证明可以办理免费乘车申明。","A","对","错","","",""
"422","《国铁集团客运部关于进一步规范现场客运业务办理的通知》（客管电【2023】53号）规定：年满6周岁的儿童可凭新生儿出生医学证明购票和乘车。","B","对","错","","",""
"423","《国铁集团客运部关于进一步规范现场客运业务办理的通知》（客管电【2023】53号）规定：持有儿童优惠票的旅客在列车上、出站前丢失购票证件时，如本人或同行成年人旅客可以提供儿童优惠票购票信息 时，可按儿童优惠票先办理补票手续，具体验检和退票规则， 比照现行丢失购票证件有关规定执行。","A","对","错","","",""
"424","《国铁集团客运部关于进一步规范现场客运业务办理的通知》（客管电【2023】53号）规定：持有儿童优惠票的旅客在列车上、出站前丢失购票证件时，如本人或同行成年人旅客无法提供儿童优惠票购票信息时，凭中华人民共和国居民身份证、居民户口簿等可判定年龄的有效身份证件信息补票时， 按证件信息判定年龄后补票。","A","对","错","","",""
"425","《国铁集团客运部关于进一步规范现场客运业务办理的通知》（客管电【2023】53号）规定：持有儿童优惠票的旅客在列车上、出站前丢失购票证件 时，如本人或同行成年人旅客无法提供儿童优惠票购票信息时，凭护照、出入境通行证等无法判定年龄的有效身份证件信息补票时，按成人办理补票。","A","对","错","","",""
"426","《国铁集团客运部关于进一步规范现场客运业务办理的通知》（客管电【2023】53号）规定：持有儿童优惠票的旅客在列车上、出站前丢失购票证件时，到站后，退票时如核实旅客确实已购儿童优惠票，但后补车票与原票区间不一致时，可通过车站售票窗口人工办理退差手续，未退还票款开具退票报销凭证，其它比照现行丢失购票证件有关规定执行。","A","对","错","","",""
"427","《国铁集团客运部关于进一步规范现场客运业务办理的通知》（客管电【2023】53号）规定：退役军人事务部等相关部门已推送过减价优待资质信息的旅客，可直接通过 12306 网站和车站售票窗口购买优待票。","A","对","错","","",""
"428","《国铁集团客运部关于进一步规范现场客运业务办理的通知》（客管电【2023】53号）规定：客票系统查询不到减价优待资质信息的旅客，需凭减价优待凭证到（    ）购买优待票。","A","车站售票窗口","自助售票机","网上","代售点",""
"429","《国铁集团客运部关于进一步规范现场客运业务办理的通知》（客管电【2023】53号）规定：车站售票窗口对于能够查询到减价优待资质信息的旅客，可直接发售优待票；查询不到时需凭旅客提供的减价优待凭证发售优待票。站车对于购买优待票的旅客，要按规定核验相应减价优待凭证。","A","对","错","","",""
"430","《国铁集团客运部关于进一步规范现场客运业务办理的通知》（客管电【2023】53号）规定：站车遇旅客声明误乘时，如旅客上车站的所购车票车次和所乘车次的实际开车时间在（    ）的可按误乘处理。","B","30"," 30 分钟内","不足30","超过 30",""
"431","《国铁集团客运部关于进一步规范现场客运业务办理的通知》（客管电【2023】53号）规定：站车遇旅客声明误乘时，两个车次上车站实际开车时间 分钟的，按原票乘车无效，重新补票处理。","D","30"," 30 分钟内","不足30","超过 30",""
"432","《国铁集团客运部关于进一步规范现场客运业务办理的通知》（客管电【2023】53号）规定：误乘旅客车票未检票时，列车应对其车票补检。旅客误降下车后，(     )。","ABC","应在出站前向车站主动声明","车站应按误降办理","旅客出站后不予办理","旅客出站后也可办理",""
"433","《国铁集团客运部关于进一步规范现场客运业务办理的通知》（客管电【2023】53号）规定： 站车对于误乘、误降的旅客，应优先安排将旅客免费送回至(    )。","A","原票到站","正当到站","旅客到站","终点站",""
"434","《国铁集团客运部关于进一步规范现场客运业务办理的通知》（客管电【2023】53号）规定： 站车对于误乘、误降的旅客，车站无去原票到站的直达列车时，可采取（   ）换乘方式。","A","短径路","旅客要求径路","实际径路","长径路",""
"435","《国铁集团客运部关于进一步规范现场客运业务办理的通知》（客管电【2023】53号）规定：站车对于误乘、误降的旅客，车站当日已无送回列车时，可安排（    ）送回。","CD","短径路","旅客要求径路","同城车站其它列车","本站次日较早列车",""
"436","《国铁集团客运部关于进一步规范现场客运业务办理的通知》（客管电【2023】53号）规定：站车对于误乘、误降的旅客，免费送回途中，旅客提出乘坐高票价席别时，按所乘列车(     )。","D","最近提出站重新核收高票价席别票款","最近下车站，重新核收高票价席别票款","最近提出站至下车站，重新核收票款","最近提出站至下车站，重新核收高票价席别票款",""
"437","《国铁集团客运部关于进一步规范现场客运业务办理的通知》（客管电【2023】53号）规定：误乘误降旅客携带无票儿童乘车时，按随行(    )补收儿童优惠票。","D","成人车票","成人车票等级","成人车票席别","成人车票乘车区间",""
"438","《国铁集团客运部关于进一步规范现场客运业务办理的通知》（客管电【2023】53号）规定：人工售票窗口可凭购票人提供的乘车人有效身份证件或身份证件信息发售车票。","A","对","错","","",""
"439","《国铁集团客运部关于进一步规范现场客运业务办理的通知》（客管电【2023】53号）规定：旅客持前往港澳通行证购票时，如旅客已购买内地车站至深圳市和珠海市车站车票时，(     )；单独购买内地车站间车票时，不可作为购票有效身份证件。","CD","可有效身份证件作为有效身份证件原件","可有效身份证件作为有效身份证件复印件","可将前往港澳通行证作为有效身份证件","发售已购车票的接续车票",""
"440","《国铁集团客运部关于进一步规范现场客运业务办理的通知》（客管电【2023】53号）规定：根据中央军委最新规定，（   ）已正式启用。","AB","军士证","警士证","军官证","海员证",""
"441","《国铁集团客运部关于进一步规范现场客运业务办理的通知》（客管电【2023】53号）规定：（   ）可以作为铁路实名制购票和乘车的有效证件。","AB","军士证","警士证","军官证","海员证",""
"442","《国铁集团客运部关于进一步规范现场客运业务办理的通知》（客管电【2023】53号）规定：因列车席位调整，导致旅客在实际开车前要求办理退票时，车站应按照铁路不能正常运输情形导致旅客退票，向旅客 (    )。如旅客自行通过 12306 网站办理退票后，要求退还退票费时，可引导旅客拨打 12306 办理。","AB","退还全部票款","不收退票费","退还票款","核收退票费",""
"443","《国铁集团客运部关于进一步规范现场客运业务办理的通知》（客管电【2023】53号）规定：因列车席位调整，导致旅客在实际开车前要求办理退票时，如旅客自行通过 12306 网站办理退票后，要求退还退票费时，(    )办理。","D","可在车站窗口","自助售票机","代售点","可引导旅客拨打 12306 ",""
"444","《国铁集团客运部关于进一步规范现场客运业务办理的通知》（客管电【2023】53号）规定： 因乘坐列车途中晚点导致无法正常使用联程车票时，旅客自行在 12306 网站办理联程车票退票后，要求退还退票费的，以及联程车票开车后无法退票时，(    )办理。","D","可在车站窗口","自助售票机","代售点","可引导旅客拨打 12306 ",""
"445","《国铁集团客运部关于进一步规范现场客运业务办理的通知》（客管电【2023】53号）规定：因特殊情况导致旅客无法在开车前及时办理退票的，经车站售票负责人同意，可在(    )办理退票，核收退票费，并附具相应书面证明。","D","2小时内","开车2小时","开车前2小时内","开车后2小时内",""
"446","《国铁集团关于明确退票改签收费有关事项的通知》（铁客〔2021〕15号）（铁客〔2024〕6号修改）规定 为防止开车后利用当日改签方式不当谋利，车站售票窗口在办理开车后车票当日改签时，应请乘车人出示本人有效身份证件。","A","对","错","","",""
"447","《国铁集团关于明确退票改签收费有关事项的通知》（铁客〔2021〕15号）（铁客〔2024〕6号修改） 规定 为防止开车后利用当日改签方式不当谋利，车站售票窗口在办理开车后车票当日改签时，若遇他人代办，还需出示代办人身份证，认真核对（  ）后，方可办理。","D","证件","车票","身份证件","票、证、人一致",""
"448","《国铁集团关于明确退票改签收费有关事项的通知》（铁客〔2021〕15号）（铁客〔2024〕6号修改）规定 退票费按如下梯次标准核收: 距票面乘车站开车前8天以上的（   ）。“以上”含本数。","D","20%","10%","5%","不收退票费",""
"449","《国铁集团关于明确退票改签收费有关事项的通知》（铁客〔2021〕15号）（铁客〔2024〕6号修改）规定 退票费按如下梯次标准核收: 开车前48小时以上、不足8天的, 按票面价格（  ） 计。“以上”含本数。","C","20%","10%","5%","不收退票费",""
"450","《国铁集团关于明确退票改签收费有关事项的通知》（铁客〔2021〕15号）（铁客〔2024〕6号修改）规定 退票费按如下梯次标准核收:  开车前24小时以上、不足48小时的, 按票面价格（   ） 计。“以上”含本数。","B","20%","10%","5%","不收退票费",""
"451","《国铁集团关于明确退票改签收费有关事项的通知》（铁客〔2021〕15号）（铁客〔2024〕6号修改）规定 退票费按如下梯次标准核收: 开车前不足24小时的, 按票面价格（  ） 计。“以上”含本数。","A","20%","10%","5%","不收退票费",""
"452","学生票有关业务办理（通话记录〔2023〕第83号） 规定对于通过优惠资质核验的学生，乘车时可直接凭（   ）刷闸机进站乘车。未通过优惠资质核验的学生，应完成优惠资质核验后再进站乘车。","A","身份证件","身份证件原件","身份证件复印件","购票信息",""
"453","学生票有关业务办理（通话记录〔2023〕第83号） 规定未通过优惠资质核验的学生，应完成优惠资质核验后再进站乘车。","A","对","错","","",""
"454","学生票有关业务办理（通话记录〔2023〕第83号） 规定列车应通过手持作业终端查验持有学生优惠票的旅客是否通过优惠资质核验,同时核对学生证填写的（    ）是否一致。","AB","优惠乘车区间","手持终端推送的优惠乘车区间","到站","乘车站",""
"455","学生票有关业务办理（通话记录〔2023〕第83号） 规定对于通过优惠资质核验且区间一致的(同城车站视为区间一致)，视为已购车票符合学生优惠票发售原则。","A","对","错","","",""
"456","《铁路乘车证管理办法》（铁劳〔1994〕142号）规定：《中华人民共和国铁路免费乘车证》由（    ）签发。","A","铁道部对外合作司","铁道部","铁路局","对外合作司",""
"457","《铁路乘车证管理办法》（铁劳〔1994〕142号）规定：本年度全年定期乘车证，可延期使用至次年的（    ）。","A","1月15日","2月1日","1月31日","1月10日",""
"458","《铁路乘车证管理办法》（铁劳〔1994〕142号）规定：持乘车证使用卧铺中途不应下车。如必须下车，列车长应按章核收已乘区间的卧铺票价。","B","对","错","","",""
"459","《铁路乘车证管理办法》（铁劳〔1994〕142号）规定：持用（    ）乘车证，除换乘外，中途下车无效。","A","软、硬席","软席全年定期","硬席全年定期","硬席临时定期",""
"460","《铁路乘车证管理办法》（铁劳〔1994〕142号）规定：持用（    ）乘车证乘车时，须由车站签证。","B","全年定期、软席、硬席、探亲","临时定期、软席、硬席、探亲","全年定期、临时定期","临时定期、通勤",""
"461","《铁路乘车证管理办法》（铁劳〔1994〕142号）规定：持用（    ）乘车证乘车时，须于始乘站和返乘站予以剪口。","A","软席、硬席、就医、便乘、探亲","软席、硬席、定期通勤、探亲","软席、硬席、定期通勤、通学、探亲","软席、硬席、便乘、通学",""
"462","《铁路乘车证管理办法》（铁劳〔1994〕142号）规定：持用（    ）乘车证进站时，须由车站加剪。","C","硬席全年定期","软席全年定期","便乘证","临时定期",""
"463","《铁路乘车证管理办法》（铁劳〔1994〕142号）规定：持用（）乘车证，除换乘外，中途下车无效。","A","软、硬席","软席全年定期","硬席全年定期","硬席临时定期",""
"464","《铁路乘车证管理办法》（铁劳〔1994〕142号）规定：持用就医乘车证准乘（    ）。","D","除国际列车外的各种旅客列车","除国际列车、旅游列车外的各种旅客列车","特快列车及普通旅客列车","快车和普通旅客列车",""
"465","《铁路乘车证管理办法》（铁劳〔1994〕142号）规定：持用软、硬席乘车证准乘除（    ）外的各种旅客列车。","A","国际列车","除国际列车、旅游列车","除旅游列车","除直达特快列车",""
"466","《铁路乘车证管理办法》（铁劳〔1994〕142号）规定：持用探亲乘车证准乘除（    ）外的各种旅客列车。","B","国际列车","国际列车、旅游列车","旅游列车","直达特快旅客列车",""
"467","《铁路乘车证管理办法》（铁劳〔1994〕142号）规定：持用铁路定期乘车证，须有工作证等（    ）俱全。","B","两证","四证","三证","五证",""
"468","《铁路乘车证管理办法》（铁劳〔1994〕142号）规定：持用通勤、就医乘车证，除换乘外，中途下车无效。","A","对","错","","",""
"469","《铁路乘车证管理办法》（铁劳〔1994〕142号）规定：持用一次性往返铁路免费硬席乘车证，除换乘外，中途下车无效。","A","对","错","","",""
"470","《铁路乘车证管理办法》（铁劳〔1994〕142号）规定：持有（    ）乘车证，准乘除国际列车以外的各次旅客列车，也可乘坐空调可躺式客车。","A","硬席乘车证","通勤乘车证","就医乘车证","探亲乘车证",""
"471","《铁路乘车证管理办法》（铁劳〔1994〕142号）规定：对持用的全年、临时定期、通勤、全年定期就医（购粮）和临时定期就医乘车证免打查验标记。","A","对","错","","",""
"472","《铁路乘车证管理办法》（铁劳〔1994〕142号）规定：对持用硬席全年定期、（）、通勤、定期通勤、通学、全年定期、就医、临时定期就医乘车证免打查验标记。","D","便乘证","探亲乘车证","软席、硬席乘车证","硬席临时定期乘车证",""
"473","《铁路乘车证管理办法》（铁劳〔1994〕142号）规定：陪同外宾的我国工作人员，凭注有“陪同”字样的“中华人民共和国铁路免费乘车证”和工作证及批准证明享受与外宾同等待遇，但用毕后应立即交回。","A","对","错","","",""
"474","《铁路乘车证管理办法》（铁劳〔1994〕142号）规定：铁路电务维修人员乘坐管内旅客列车到各站检查、维修设备，凭铁路局发给的携带器材乘车凭证，可携带蓄电池和电池的电解液（装入特种容器）5瓶。，","B","对","错","","",""
"475","《铁路乘车证管理办法》（铁劳〔1994〕142号）规定：铁路各种乘车证均不能托运行李、搬家物品。","B","对","错","","",""
"476","《铁路乘车证管理办法》（铁劳〔1994〕142号）规定：铁路衡器检修工作人员，持证明到各站检定、修理衡器时，准许随身携带小型配件、调和漆（ ）和标准砝码（ ）。","B","5kg 100kg","5kg 200kg","10kg 100kg","10kg 200kg",""
"477","《铁路乘车证管理办法》（铁劳〔1994〕142号）规定：铁路职工出差乘车时，以本人开始乘坐本次列车开车时刻计算，从（）之间，在车上过夜达6h的，准予免费使用卧铺。","B","20时至次日晨6时","20时至次日晨7时","21时至次日晨6时","21时至次日晨7时",""
"478","《铁路乘车证管理办法》（铁劳〔1994〕142号）规定：铁路职工出差持用全年定期乘车证乘车时，从本人开始乘坐本次列车时刻计算，连续乘车超过（    ）的，准予免费使用卧铺。","C","8h以上","10h以上","12h以上","24h",""
"479","《铁路乘车证管理办法》（铁劳〔1994〕142号）规定：违章使用乘车证均要按所乘列车的等级、席别、铺别、区间（单程或往返）及票面填写人数，（    ）。","C","加倍补收票款","加倍补收票款，并核收手续费","按《铁路旅客运输规程》的规定补收和加收票款，核收手续费","按《铁路旅客运输规程》的规定补收票款，核收手续费",""
"480","《铁路乘车证管理办法》（铁劳〔1994〕142号）规定：违章使用乘车证均要按所乘列车的等级、席别、铺别、区间及票面填写人数加倍补收票款。","B","对","错","","",""
"481","《铁路乘车证管理办法》（铁劳〔1994〕142号）规定：违章使用通勤乘车证，从有效日期至发现违章日期止，票面填写的乘车区间在一个铁路局以内的，按每日乘车（    ）计算票价。","A","50公里","80公里","100公里","200公里",""
"482","《铁路乘车证管理办法》（铁劳〔1994〕142号）规定：下列情况属于违章使用乘车证的是（ ）。","ABCD","涂改","加添","转借","超过有效区间",""
"483","《铁路乘车证管理办法》（铁劳〔1994〕142号）规定：职工持铁路乘车证（符合免费使用卧铺规定的）乘坐火车时，以本人开始乘坐本次列车开车时刻计算，从20：00时至次日7:00之间，在车上过夜（    ）小时以上，准予免费使用卧铺。","D","12","10","8","6",""
"484","《铁路乘车证管理办法》（铁劳〔1994〕142号）规定：职工持用探亲乘车证乘车应交验的证件是（    ）。","C","工作证、医疗证明","工作证、医疗证、探亲证明","工作证、探亲证明","医疗证、探亲证明",""
"485","铁路火灾事故应急处置应遵循（  ）的基本原则。","D","“统一指挥，以人为本，迅速扑灭，减少损失”","“统一指挥，快速反应，迅速扑灭，减少损失”","“统一指挥，快速反应，以人为本，减少损失”","“统一指挥，快速反应，以人为本，迅速扑灭，减少损失”",""
"486","事故发生后，铁路局根据不同情况请求地方人民政府动员社会力量参与应急处置。","A","对","错","","",""
"487","铁路火灾事故应急结束遵循“谁启动，谁结束 ”的原则，由相应的组织负责宣布应急结束。","A","对","错","","",""
"488","发生列车火灾、爆炸、危险货物泄漏等事故时，铁路工作人员应当（  ）。","ABC","尽快组织疏散现场人员","采取必要的防护措施","启动相关应急预案","",""
"489","灭火救援中要把保证人的生命安全作为第一原则，尽最大努力做好（  ）工作。同时，做好灭火人员的安全防护，确保安全。","ABC","人员疏散","遇险人员抢救","伤员救治","旅客乘降",""
"490","根据火灾现场实际情况，采取有效的灭火战斗方案和火灾扑救措施，迅速控制火势，扑灭火灾。","A","对","错","","",""
"491","灭火救援中要（   ）。","ABC","防止火势蔓延","抢救遇险物资","尽可能减少灾害","保证旅客乘降",""
"492","火灾扑灭后，要尽快（  ）。","ABC","恢复生产","恢复工作秩序","做好事故善后处理","保证旅客乘降",""
"493","发生火灾必须报告的内容：对高铁、动车组火灾，应报告火灾发生的时间、(   )起火车辆所处位置、起火部位、起火物、人员伤亡及车辆、线路损坏情况，灭火救援情况等。","ABCD","地点（线别、区间、公里、米）","车次","所属段别","动车组型号",""
"494","发生火灾必须报告的内容：对地面单位火灾，应报告火灾发生的时间、地点，(   )灭火救援情况。","ABCD","单位名称","起火单位基本情况（包括建筑层数、使用功能，生产性质，危险化学品储存种类、数量等）","人员被困及伤亡情况","火势发展情况，",""
"495","发生铁路火灾事故时,应由铁路公安部门设置事故现场安全警戒线。根据事故现场情况,对进入事故现场的有关人员发放防护装备和用品。","A","对","错","","",""
"496","根据事故的实际情况，事故现场指挥部具体负责指挥疏散现场群众，防止造成人员伤害。","A","对","错","","",""
"497","铁路火灾事故（  ），应视为应急结束。","ABC","现场清理完毕","生产秩序恢复正常","受伤人员得到妥善医治","受伤人员暂时包扎",""
"498","铁路发生火灾事故后，根据（  ），在符合安全停车场所或安全避难场所进行安全疏散。","AB","火势蔓延程度","危急情况","旅客上下行","列车上下行",""
"499","铁路局应利用电视、广播、报刊等新闻媒体，广泛宣传铁路火灾事故的（  ）、互救的常识。","ABCD","预防","避险","避灾","自救",""
"500","《中国铁路太原局集团有限公司车站旅客滞留处置应急预案》（太铁运〔2021〕297号）规定：因突发事件引发的客运站旅客大量滞留，客车运行调整方案确定后，客运部门要立即将客车（）等情况通报相关站车。","ABCD","晚点","停运","迂回","折返",""
"501","《中国铁路太原局集团有限公司车站旅客滞留处置应急预案》（太铁运〔2021〕297号）规定：因突发事件引发的客运站旅客大量滞留，客车运行调整方案确定后，客运部门要利用（）等方式，及时将客车相关运行信息告知旅客。","ABCD","12306网站和手机APP","手机短信( 微信) ","站车广播","显示大屏",""
"502","《中国铁路太原局集团有限公司车站旅客滞留处置应急预案》（太铁运〔2021〕297号）规定：因突发事件引发的客运站旅客大量滞留，客车运行调整方案确定后，客运部门要组织做好咨询解释和旅客情绪安抚工作，引导旅客合理安排出行计划，避免旅客大量向车站聚集。","A","对","错","","",""
"503","《中国铁路太原局集团有限公司暴风雨雪雾冰冻等恶劣天气应急预案》（太铁运[2020]148号)规定：遇恶劣天气，造成旅客滞留时，有关站段要切实解决好旅客饮水、食宿以及乘降换乘等问题。","A","对","错","","",""
"504","《中国铁路太原局集团有限公司暴风雨雪雾冰冻等恶劣天气应急预案》（太铁运[2020]148号)规定：遇恶劣天气，造成旅客滞留时，有关站段要切实解决好旅客（    ）等问题。","ABCD","饮水","食宿","乘降","换乘",""
"505","《中国铁路太原局集团有限公司暴风雨雪雾冰冻等恶劣天气应急预案》（太铁运[2020]148号)规定：遇恶劣天气，造成旅客滞留时，有关站段要做好解释宣传组织工作，加强站车配合，确保旅客的生命及财产安全。","A","对","错","","",""
"506","《中国铁路太原局集团有限公司暴风雨雪雾冰冻等恶劣天气应急预案》（太铁运[2020]148号)规定：遇恶劣天气时，客运和公安部门要密切配合，特别是客流量较大车站要组织足够工作人员，维持候车室、站台旅客乘降、进出站秩序，及时清除站台及旅客通道积雪确保旅客人身安全和乘降有序。","A","对","错","","",""
"507","《中国铁路太原局集团有限公司暴风雨雪雾冰冻等恶劣天气应急预案》（太铁运[2020]148号)规定：遇恶劣天气时，对上下车旅客较多的列车，公安部门协助客运人员维持好站台秩序，组织好旅客上下车。","A","对","错","","",""
"508","《中国铁路太原局集团有限公司处置铁路交通事故应急预案》（太铁安监〔2022〕108号）规定：旅客列车发生铁路交通事故需要救援时，须将旅客和列车乘务人员疏散到安全区域后方准开展其他应急救援工作。","A","对","错","","",""
"509","《中国铁路太原局集团有限公司处置铁路交通事故应急预案》（太铁安监〔2022〕108号）规定：发生铁路交通事故，需对旅客进行安全防护、疏散时，由（ ）负责组织实施。","A","现场应急救援指挥部","公安部门","客运部门","行车部门",""
"510","《中国铁路太原局集团有限公司处置铁路交通事故应急预案》（太铁安监〔2022〕108号）规定：发生铁路交通事故，旅客、群众安全防护和事故处理期间治安工作，由（  ）负责。必要时，联系地方政府协调武警部队配合。","A","公安部门","客运部门","行车部门","现场应急救援指挥部",""
"511","《中国铁路太原局集团有限公司处置铁路交通事故应急预案》（太铁安监〔2022〕108号）规定：发生铁路交通事故，现场应急救援指挥部负责人佩戴红色安全帽。","A","对","错","","",""
"512","《中国铁路太原局集团有限公司处置铁路交通事故应急预案》（太铁安监〔2022〕108号）规定：发生铁路交通事故，救援列车人员、救援队人员按规定着。","ABC","救援服","佩带袖章","安全帽","职务标志",""
"513","《中国铁路太原局集团有限公司处置铁路交通事故应急预案》（太铁安监〔2022〕108号）规定：发生铁路交通事故，救援列车人员、救援队人员按规定着（    ）。","ABC","救援服","佩带袖章","安全帽","职务标志",""
"514","《中国铁路太原局集团有限公司处置铁路交通事故应急预案》（太铁安监〔2022〕108号）规定：发生列车火灾、爆炸、危险货物泄漏等事故时，铁路工作人员应（  ）。","ABC","尽快组织疏散现场人员","采取必要防护措施","报请启动相关应急预案","采取救助措施",""
"515","《中国铁路太原局集团有限公司处置铁路交通事故应急预案》（太铁安监〔2022〕108号）规定：发生铁路交通事故，事故影响本线或者邻线行车安全时，现场铁路工作人员应立即按规定采取紧急防护措施。","A","对","错","","",""
"516","《中国铁路太原局集团有限公司处置铁路交通事故应急预案》（太铁安监〔2022〕108号）规定：发生铁路交通事故，对在事故应急救援中玩忽职守、严重失职的责任人，根据国家有关法律法规和国铁集团、集团公司有关规定，按照管理权限进行责任追究。涉嫌违法犯罪的，依法移送司法机关处理。","A","对","错","","",""
"517","《铁路重点旅客服务管理办法》（铁客（2024）73号）规定 为践行以人民为中心理念，推进铁路客运服务高质量发展，（   ），","ABCD","提升铁路公共服务水平","营造人文关怀氛围","完善旅客运输服务体系","提升重点旅客服务能力和出行体验",""
"518","《铁路重点旅客服务管理办法》（铁客（2024）73号）根据(   )、《中华人民共和国残疾人保障法》《中华人民共和国无障碍环境建设法》等法律法规和《铁路旅客运输规程》《铁路旅客运输服务质量规范》等规定，结合铁路实际制定。","ABCD","《中华人民共和国铁路法》","《中华人民共和国老年人权益保障法》","《中华人民共和国未成年人保护法》","《中华人民共和国妇女权益保障法》",""
"519","《铁路重点旅客服务管理办法》（铁客（2024）73号）适用于中国国家铁路集团有限公司(以下简称国铁集团)及所属企业客运车站和旅客列车重点旅客服务管理工作。","A","对","错","","",""
"520","《铁路重点旅客服务管理办法》（铁客（2024）73号）所称 特殊重点旅客是指因年龄、行为、身体状况等原因，在旅行中依靠辅助器具才能行动等需特殊照顾的重点旅客。","A","对","错","","",""
"521","《铁路重点旅客服务管理办法》（铁客（2024）73号）所称重点旅客指老、幼、病、残、孕旅客。","A","对","错","","",""
"522","《铁路重点旅客服务管理办法》（铁客（2024）73号）规定 铁路重点旅客运输服务保障工作应（    ）实施行之有效的重点旅客服务措施，切实提升重点旅客铁路出行服务体验。","ABCD","充分发挥铁路网络布局和客运站车协同优势","充分利用信息技术手段","及时受理重点旅客服务需求，","使现场工作人员及时掌握重点旅客信息，",""
"523","《铁路重点旅客服务管理办法》（铁客（2024）73号）规定  加强重点旅客出行服务工作，（   ）。","ABCD","是实施积极应对人口老龄化国家战略的必然要求","是保障妇女儿童合法权益","健全残疾人社会保障体系的重要内容","是衡量铁路客运服务质量的重要标志",""
"524","《铁路重点旅客服务管理办法》（铁客（2024）73号）规定  在铁路售票、进站、候车、乘车、出站等环节，铁路运输企业应当给予重点旅客特别（   ）。","ABCD","关注","关心","关怀","关爱",""
"525","《铁路重点旅客服务管理办法》（铁客（2024）73号）规定  重点旅客服务工作应当坚持“渠道畅通、（  ）”的原则。","ABCD","受理规范","服务到位","交接清楚","保障有力",""
"526","《铁路重点旅客服务管理办法》（铁客（2024）73号）规定  客运站段负责 审核与受理线上线下渠道重点旅客提出的服务预约申请和现场申请，组织开展客运管理和服务人员业务技能培训，按照有关规定设置重点旅客服务场地，配备服务设备设施，为重点旅客提供服务。","A","对","错","","",""
"527","《铁路重点旅客服务管理办法》（铁客（2024）73号）规定 重点旅客可包括不超过（    ）     。","B","2名人员","2名随行陪同人员","3名人员","3名随行陪同人员",""
"528","《铁路重点旅客服务管理办法》（铁客（2024）73号）规定 重点旅客可享受（    ）等服务。","ABCD","优先安检","优先验证","优先检票","引导服务",""
"529","《铁路重点旅客服务管理办法》（铁客（2024）73号）规定 重点旅客可使用（   ），以及无障碍服务设施等服务。","ABCD","无障碍售票窗口","重点旅客候车室","母婴室(哺乳室)","无障碍卫生间(第三卫生间)",""
"530","《铁路重点旅客服务管理办法》（铁客（2024）73号）规定 特殊重点旅客申请成功后，由铁路客运站车安排服务人员提供便利进出站、（    ）、协助乘降，以及提供站内免费轮椅、担架(车)以及列车内随访关照等服务，为残疾人携带导盲犬提供便利。","ABCD","优先安检","优先验证","优先检票","引导帮扶",""
"531","《铁路重点旅客服务管理办法》（铁客（2024）73号）规定 设有重点旅客候车室、母婴室(哺乳室)等服务设施的车站，提供（    ）等服务。","A","专区候车","重点候车","特殊候车","候车",""
"532","《铁路重点旅客服务管理办法》（铁客（2024）73号）规定 优先安检服务过程应严格落实《铁路旅客运输安全检查管理规则》等关于特殊重点旅客安检实行重点服务、重点照顾的有关要求。","A","对","错","","",""
"533","《铁路重点旅客服务管理办法》（铁客（2024）73号）规定 特殊重点旅客服务细分为（    ） 、携带导盲犬旅客服务等。","ABCD","无陪伴年长旅客服务","无陪伴孕妇旅客服务","视觉/听觉障碍旅客服务","轮椅/担架(车)行动障碍旅客服务",""
"534","《铁路重点旅客服务管理办法》（铁客（2024）73号）规定 无陪伴年长旅客服务，一般指面向（    ）旅客所提供的服务。","ABCD","年龄超过65周岁","单独乘车且行动不便","需要进出站引导","需要途中随访关照",""
"535","《铁路重点旅客服务管理办法》（铁客（2024）73号）规定 无陪伴孕妇旅客服务，一般指面向（    ）旅客所提供的服务。","ABCD","怀孕超过36周(含)或预产期在4周(含)以内","单独乘车","需要进出站引导","需要途中随访关照",""
"536","《铁路重点旅客服务管理办法》（铁客（2024）73号）规定 视觉/听觉障碍旅客服务，指面向（    ）障碍旅客所提供的服务。","AB","视觉(双目有缺陷、失明)","听觉(双耳听力缺陷)","视觉(右眼有缺陷、失明)","单耳听觉(听力缺陷)",""
"537","《铁路重点旅客服务管理办法》（铁客（2024）73号）规定 轮椅/担架(车)行动障碍旅客服务，指面向因病因残导致行动不便且有服务需求旅客所提供的服务。","A","对","错","","",""
"538","《铁路重点旅客服务管理办法》（铁客（2024）73号）规定 携带导盲犬旅客服务，指面向（    ）进站乘车旅客所提供的服务。","ABCD","视觉障碍","需携带取得导盲犬工作证","辅助视力残疾人工作导盲犬","辅助视力残疾人生活导盲犬",""
"539","《铁路重点旅客服务管理办法》（铁客（2024）73号）规定 铁路客运车站应在主要（    ）设置12306预约旅客会合点(Meetingpoint)，位置应合理，方便特殊重点旅客落客乘降，便于寻找，并在醒目位置规范设置标志，公告12306服务台或综合服务中心服务电话。具备条件的车站可在12306预约旅客会合点设置可以与12306服务台或综合服务中心通话功能的呼叫器。","AB","进站口安检","验证设施前","站台中部","出站口",""
"540","《铁路重点旅客服务管理办法》（铁客（2024）73号）规定 铁路客运具备条件的车站可在12306预约旅客会合点设置可以与12306服务台或综合服务中心通话功能的呼叫器。","A","对","错","","",""
"541","《铁路重点旅客服务管理办法》（铁客（2024）73号）规定 重点旅客服务范围原则上限于客运车站进站口12306预约旅客会合点至出站口闸机以内的铁路旅客服务区域，包含客运车站（    ）。","ABCD","进出站通道","候车区域","客运站台","在途旅客列车服务区域内",""
"542","《铁路重点旅客服务管理办法》（铁客（2024）73号）规定 持有铁路有效车票且符合特殊重点旅客服务条件的旅客可以在乘车前规定时间内通过线上线下渠道向铁路部门提出特殊重点旅客服务申请。","A","对","错","","",""
"543","《铁路重点旅客服务管理办法》（铁客（2024）73号）规定 特殊重点旅客服务申请线上渠道包括铁路（    ）、12306客户服务热线；线下渠道包括铁路车站12306服务台、综合服务中心和旅客列车现场。","ABCD","12306网站","12306APP","铁路畅行码","中国铁路微信公众号",""
"544","《铁路重点旅客服务管理办法》（铁客（2024）73号）规定 无陪伴年长旅客、无陪伴孕妇旅客、视觉/听觉障碍旅客、轮椅/担架(车)行动障碍旅客、携带导盲犬旅客可通过铁路（    ）等线上渠道提出预约申请。","ABD","12306网站","12306APP","铁路畅行码","中国铁路微信公众号",""
"545","《铁路重点旅客服务管理办法》（铁客（2024）73号）规定 中国残联在册残疾人旅客(限视力、肢体残疾，且残疾等级为1级或2级)以及无陪伴年长旅客还可通过12306客户服务热线提出预约申请，但都应不晚于乘车站列车（    ）办理。","A","开车前６小时","开车后６小时","开车前６0分钟","开车后６0分钟",""
"546","《铁路重点旅客服务管理办法》（铁客（2024）73号）规定 距离开车前不足６小时的，应到乘车站（    ）现场提出申请。","AB","12306服务台","综合服务中心","12306网站","12306APP",""
"547","《铁路重点旅客服务管理办法》（铁客（2024）73号）规定 距离开车前不足６小时的，应到乘车站12306服务台、综合服务中心现场提出申请，办理时限原则上应不晚于乘车站列车（    ）。或在旅客列车上向客运乘务人员现场提出申请。","C","开车前６小时","开车后６小时","开车前６0分钟","开车后６0分钟",""
"548","《铁路重点旅客服务管理办法》（铁客（2024）73号）规定 通过铁路12306网站、12306APP、中国铁路微信公众号等线上渠道办理预约申请时，系统应要求特殊重点旅客准确填写其（    ）等信息，同时提交有效车票信息和相关有效证明材料。","ABCD","实际乘车站","目的地车站","列车车次","服务需求",""
"549","《铁路重点旅客服务管理办法》（铁客（2024）73号）规定 无陪伴年长旅客应提交个人真实身份信息。","A","对","错","","",""
"550","《铁路重点旅客服务管理办法》（铁客（2024）73号）规定 无陪伴孕妇旅客应提交《诊断证明书》，以及孕妇的连续病历或经医院盖章的孕妇保健手册。","A","对","错","","",""
"551","《铁路重点旅客服务管理办法》（铁客（2024）73号）规定 中国残联在册残疾人旅客(限视力、肢体残疾，且残疾等级为1级或2级)应提交残疾人证记载个人信息的内容页。","A","对","错","","",""
"552","《铁路重点旅客服务管理办法》（铁客（2024）73号）规定 其他视觉/听觉障碍旅客、轮椅/担架(车)行动障碍旅客的残疾人应提交乘车日前７日内医院医生签字并盖有公章的《诊断证明书》(或出院小结)等。","A","对","错","","",""
"553","《铁路重点旅客服务管理办法》（铁客（2024）73号）规定 携带导盲犬旅客在预约申请时应提交相关（    ）等材料。具体要求按照《关于印发‹视力残疾旅客携带导盲犬进站乘车若干规定(试行)›的通知》(铁总办运〔2015〕60号)执行。","ABC","残疾人证","服务犬工作证","动物健康免疫证明","购票信息",""
"554","《铁路重点旅客服务管理办法》（铁客（2024）73号）规定 现场申请的特殊重点旅客，办理时只需出示相关有效证明材料。","B","对","错","","",""
"555","《铁路重点旅客服务管理办法》（铁客（2024）73号）规定 遇旅客突发伤病导致行动不便或可直观判断旅客确属肢体残疾等特殊情况时，客运车站和旅客列车工作人员应按照特殊重点旅客服务要求适需开展服务，不再要求其提供相关证明材料。","A","对","错","","",""
"556","《铁路重点旅客服务管理办法》（铁客（2024）73号）规定 通过铁路12306网站、12306APP、中国铁路微信公众号提出旅客预约申请后，系统将旅客所填写的信息和提交的证明材料推送至乘车站进行审核与受理。","A","对","错","","",""
"557","《铁路重点旅客服务管理办法》（铁客（2024）73号）规定 通过12306客户服务热线受理的特殊重点旅客预约申请，客服中心应利用客服中心综合查询系统或客票系统进行核实。","A","对","错","","",""
"558","《铁路重点旅客服务管理办法》（铁客（2024）73号）规定  对符合预约申请条件的，客服中心应准确了解特殊重点旅客需求并规范填写《工单》信息，并及时按流程将《工单》流转至（    ）。对不符合受理条件的，客服中心应及时告知申请人或乘车人无法受理其申请。","ABC","旅客乘车站","旅客列车","旅客目的地车站","旅客途径车站",""
"559","《铁路重点旅客服务管理办法》（铁客（2024）73号）规定  旅客乘车站接到特殊重点旅客预约申请时，应（    ）。","ABC","对旅客线上提交的证明材料进行核实","确认该旅客是否符合预约申请条件","确认旅客身份信息与所购车票身份信息一致性","直接按重点旅客服务",""
"560","《铁路重点旅客服务管理办法》（铁客（2024）73号）规定  对符合预约申请条件的，通过系统以微信、短信等形式将（    ）通知申请人。旅客预约服务信息应按其服务需求通过系统同步推送至相关客运乘务单位和旅客目的地车站。对不符合受理条件的，客运车站应通过系统及时告知申请人或乘车人，要求其补充有效证明材料，或告知因不符合受理条件无法受理。","ABCD","车站12306预约旅客会合点位置","特殊重点旅客到站时间","在乘车期间携带并出示相一致的有效证明材料","服务须知",""
"561","《铁路重点旅客服务管理办法》（铁客（2024）73号）规定  旅客预约服务信息应按其服务需求通过系统同步推送至相关客运乘务单位和旅客目的地车站。","A","对","错","","",""
"562","《铁路重点旅客服务管理办法》（铁客（2024）73号）规定  旅客预约服务对不符合受理条件的，客运车站应（    ）。","ABCD","通过系统及时告知申请人","通过系统及时告知乘车人","要求其补充有效证明材料","告知因不符合受理条件无法受理",""
"563","《铁路重点旅客服务管理办法》（铁客（2024）73号）规定 中国残联在册残疾人(限视力/听力、肢体残疾，且残疾等级为1级或2级)、无陪伴年长旅客的信息，由系统自动对旅客提交信息真实性和旅客年龄进行判定核实。","A","对","错","","",""
"564","《铁路重点旅客服务管理办法》（铁客（2024）73号）规定  特殊重点旅客预约申请成功后，在客运站车乘车期间应按规定出示与线上提交信息相一致的相关有效证明材料，在乘车站列车（    ）到达车站12306预约旅客会合点。","C","开车前６小时","开车后６小时","开车前６0分钟","开车后６0分钟",""
"565","《铁路重点旅客服务管理办法》（铁客（2024）73号）规定 客运车站应根据列车开车日期、时间，提前按需做好人员安排和辅助器具准备工作，（    ）。","ABCD","可在所乘列车开车前2小时前与旅客确认","沟通确认特殊重点旅客预计到达时间","提醒特殊重点旅客携带相关有效证明材料","通告车站12306预约旅客会合点位置",""
"566","《铁路重点旅客服务管理办法》（铁客（2024）73号）规定 客运车站应安排客运人员在预订时间到达12306预约旅客会合点，在特殊重点旅客到达后提供适需服务，（    ）。","ABCD","安排特殊重点旅客至重点旅客候车室(区)或其他指定位置候车","提供优先检票","便利乘车等服务，","做好站车服务交接工作",""
"567","《铁路重点旅客服务管理办法》（铁客（2024）73号）规定 对因现场服务保障能力限制，无法满足旅客使用轮椅、担架(车)等辅助器具需求时，应征询特殊重点旅客意见后尽可能提供服务协助。","A","对","错","","",""
"568","《铁路重点旅客服务管理办法》（铁客（2024）73号）规定 对于旅客身份信息与车票身份信息不一致、不符合服务条件，或无法提供相关有效证明材料等情况的，客运车站在说明情况后，有权拒绝提供服务。","A","对","错","","",""
"569","《铁路重点旅客服务管理办法》（铁客（2024）73号）规定 客运车站安检处、验证处、12306服务台、综合服务中心遇特殊重点旅客提出现场申请时，车站工作人员应对特殊重点旅客出示的证明材料有效性、真实性进行审核，并核实旅客身份信息与车次信息。","A","对","错","","",""
"570","《铁路重点旅客服务管理办法》（铁客（2024）73号）规定 符合受理条件且车站现场具有服务保障能力的，运用信息系统做好信息和服务需求登记，尽可能安排旅客至重点旅客候车室(区)或其他指定位置候车，并适需提供轮椅、担架(车)等辅助器具，及时提供（    ）等服务。","ABCD","优先安检","优先验证","优先检票","便利乘车",""
"571","《铁路重点旅客服务管理办法》（铁客（2024）73号）规定 旅客列车接到系统流转的特殊重点旅客预约申请，或客服中心流转的《工单》后，应根据特殊重点旅客所在车厢、位置，提前做好人员安排和服务准备工作。","A","对","错","","",""
"572","《铁路重点旅客服务管理办法》（铁客（2024）73号）规定 对于客运车站交接的，或运行途中发现的符合服务条件的特殊重点旅客时，客运乘务人员应及时纳入“铁路畅行”爱心服务范围。","A","对","错","","",""
"573","《铁路重点旅客服务管理办法》（铁客（2024）73号）规定 旅客列车在有运输能力情况下，应尽可能为（    ），并协助做好旅客助残设备存放。","ABC","同席别不同车厢的陪伴人员安排临靠特殊重点旅客的座位","不相邻的陪伴人员安排临靠特殊重点旅客的座位","为不同席别的陪同人员、特殊重点旅客优先办理补票升席服务","特殊重点旅客微笑",""
"574","《铁路重点旅客服务管理办法》（铁客（2024）73号）规定 通过铁路畅行码受理出站服务申请时，或旅客现场提出服务需求时，对符合服务条件的，列车工作人员应核实特殊重点旅客身份信息与到站信息，及时使用客运站车无线交互终端通知到站。","A","对","错","","",""
"575","《铁路重点旅客服务管理办法》（铁客（2024）73号）规定 特殊重点旅客列车到达目的地车站前，目的地车站应根据服务需求，做好人员安排和辅助器具准备工作，并将特殊重点旅客送至合适的出站口。","A","对","错","","",""
"576","《铁路重点旅客服务管理办法》（铁客（2024）73号）规定 特殊重点旅客列车到达目的地车站前，目的地车站应根据服务需求，（    ）。客运车站、旅客列车要加强信息通报和服务交接，做到交接事项清楚，交接流程规范。","ABCD","做好人员安排","做好辅助器具准备工作","将特殊重点旅客送至合适的出站口","对持联程车票的特殊重点旅客应做好候车、检票等换乘服务",""
"577","《铁路重点旅客服务管理办法》（铁客（2024）73号）规定 条旅客通过规定渠道提交预约申请的，并不表示该服务已经申请成功，铁路部门将对证明材料和相关信息真实性进行核查，对不符合受理条件的，（    ）。因客运站车承运数量限额、服务保障能力不足等原因而不能满足重点旅客需求除外。","AB","铁路部门除有权拒绝提供服务外","还可以在一定期限内限制其服务申请","也可按重点旅客对待","不予乘车",""
"578","《铁路重点旅客服务管理办法》（铁客（2024）73号）规定 （    ），铁路部门有权拒绝提供服务，但应做好解释说明工作。","ABCD","不满足年龄条件，或不满足单独出行要求等不符合预约申请条件的；","持伪造、过期等无效证明材料或冒用他人有效证明材料的；","提供的证明材料不符合规定，或无法提供规定的有效证明材料的；","现场临时提出申请，铁路客运站车现场不具备服务保障能力的；",""
"579","《铁路重点旅客服务管理办法》（铁客（2024）73号）规定 （    ），铁路部门有权拒绝提供服务，但应做好解释说明工作。","ABCD","不满足年龄条件，或不满足单独出行要求等不符合预约申请条件的；","持伪造、过期等无效证明材料或冒用他人有效证明材料的；","明显超过约定时间到达车站，铁路客运站车现场不具备服务保障能力的；","提出的服务要求，明显超出铁路旅客运输服务范围和能力的。",""
"580","《铁路重点旅客服务管理办法》（铁客（2024）73号）规定 因列车停运或旅客自行办理退票，其所办理的特殊重点旅客预约申请随即自动取消，相关信息提示系统自动推送至客服中心和客运站车。","A","对","错","","",""
"581","《铁路重点旅客服务管理办法》（铁客（2024）73号）规定 当旅客乘坐的列车发生变动或自行办理改签，预约申请随即自动取消，特殊重点旅客需重新办理特殊重点旅客服务申请。","A","对","错","","",""
"582","《铁路重点旅客服务管理办法》（铁客（2024）73号）规定 旅客因自身原因，需要取消重点旅客服务预约申请时，应在乘车站列车（    ）通过线上渠道或12306客户服务热线渠道办理取消服务，也可在车站12306服务台或综合服务中心办理取消服务。","C","开车前6小时","开车后6小时","开车前2小时","开车后2小时",""
"583","《铁路重点旅客服务管理办法》（铁客（2024）73号）规定 对违反相关规定，（    ），旅客将在行为发生日180天内无法通过线上渠道办理相关服务的预约申请。","ABCD","不符合预约申请条件，但连续2次办理预约申请的；","在1年内办理重点旅客服务预约申请成功后，累计2次未如约到达车站的；","在30天内预约申请重点旅客服务后，因自身原因需要取消重点旅客服务预约申请的","在30天内预约申请重点旅客服务后，累计2次未在规定时间内办理取消的；",""
"584","《铁路重点旅客服务管理办法》（铁客（2024）73号）规定 对违反相关规定，（    ），旅客将在行为发生日180天内无法通过线上渠道办理相关服务的预约申请。","ABCD","不符合预约申请条件，但连续2次办理预约申请的；","在1年内办理重点旅客服务预约申请成功后，累计2次未如约到达车站的；","持伪造、过期等无效证明材料或冒用他人有效证明材料的；","在服务过程中，存在辱骂、殴打客运服务人员等不文明行为的。",""
"585","《铁路重点旅客服务管理办法》（铁客（2024）73号）规定 对违反办法中第二十七条相关规定的，旅客将在行为发生日（    ）无法通过线上渠道办理相关服务的预约申请。","C","90天内","120天内","180天内","一年内",""
"586","《铁路重点旅客服务管理办法》（铁客（2024）73号）规定 非无陪伴年长旅客、非无陪伴孕妇旅客，以及视觉/听觉障碍旅客、轮椅/担架(车)行动障碍旅客、携带导盲犬旅客，在客运站车现场经判断确有帮扶必要的，原则上（    ），随行陪同人员可随特殊重点旅客享受便利进出站、优先安检、专区候车、优先检票等服务，超出的人员应按照普通旅客旅行。","B","可有不超过1名随行陪同人员","可有不超过2名随行陪同人员","可有不超过3名随行陪同人员","可有不超过5名随行陪同人员",""
"587","《铁路重点旅客服务管理办法》（铁客（2024）73号）规定大中型客运车站应设置重点旅客候车区、母婴室(哺乳室)、无障碍卫生间(第三卫生间)等设施，售票厅、服务台、综合服务中心设有无障碍服务窗口，进站口开设爱心(绿色)通道，楼层间设置无障碍电直梯、坡道或升降平台；其他车站应结合设施设备条件和所提供的服务内容，合理设置相关服务设施设备，在卫生间内设置无障碍服务功能厕位，在检票口附近设重点旅客专座，为重点旅客提供服务便利。","A","对","错","","",""
"588","《铁路重点旅客服务管理办法》（铁客（2024）73号）规定 客运车站保留使用现金、刷卡、证件等方式，优化售票窗口、服务台、综合服务中心等人工服务和志愿服务。","A","对","错","","",""
"589","《铁路重点旅客服务管理办法》（铁客（2024）73号）规定 客运车站服务台或适当位置按规定配置配备必要的无障碍设备和辅助器具，规范建立使用管理制度，加强日常检查和维保，确保作用良好，外观清洁。","A","对","错","","",""
"590","《铁路重点旅客服务管理办法》（铁客（2024）73号）规定 客运车站年日均旅客发送量５万人以上的，应配备轮椅不少于（    ）辆、担架(车)不少于（    ）辆。","A","4、2","3、1","2、1","1、1",""
"591","《铁路重点旅客服务管理办法》（铁客（2024）73号）规定 客运车站年日均旅客发送量2万人以上的，配备轮椅不少于（    ）辆，担架(车)不少于（    ）辆；","B","4、2","3、1","2、1","1、1",""
"592","《铁路重点旅客服务管理办法》（铁客（2024）73号）规定 客运车站年日均旅客发送量1万人以上的，配备轮椅不少于（    ）辆；其他车站配备轮椅不少于（    ）辆。","C","4、2","3、1","2、1","1、1",""
"593","《铁路重点旅客服务管理办法》（铁客（2024）73号）规定 铁路局集团公司要将重点旅客服务纳入客运服务岗位人员日常培训课程体系，组织指导客运站段定期开展无障碍服务方面的法律法规，重点旅客服务制度、意识、心理、话术及技巧，重点旅客及其行李物品、导盲犬安全检查，重点旅客服务程序、红十字救护，无障碍设施设备使用及操作方面的培训。","A","对","错","","",""
"594","《铁路重点旅客服务管理办法》（铁客（2024）73号）规定  特殊重点旅客服务量较大的客运车站应设置重点旅客专职服务岗位，结合服务群体、服务内容特点，合理设定男女比例；其他车站应通过兼职并岗等形式做好重点旅客服务工作。","A","对","错","","",""
"595","《铁路重点旅客服务管理办法》（铁客（2024）73号）规定   客服中心、客运站段要加强服务值守工作，确保服务电话及时接听，服务工单及时签收，服务信息准确交接。","A","对","错","","",""
"596","《铁路重点旅客服务管理办法》（铁客（2024）73号）规定 坚持重点旅客作为基本保障性服务的基础上，鼓励铁路局集团公司加强与属地社会组织沟通协调，通过市场化、社会化手段，优化完善、补充补强、延伸拓展客运站车重点旅客服务链条，适时研发开展门到门、门到站、站到门的综合旅行服务产品。","A","对","错","","",""
"597","《铁路旅客人身伤害及携带品损失处理暂行办法》（铁运[2012]319号）适用于中华人民共和国境内铁路旅客运输过程中发生的旅客人身伤害及携带品损失处理。","A","对","错","","",""
"598","《铁路旅客人身伤害及携带品损失处理暂行办法》（铁运[2012]319号）规定 处理旅客人身伤害或携带品损失时，应当坚持（）的原则。","ABC","实事求是","依法依规","就近及时","安全第一",""
"599","《铁路旅客人身伤害及携带品损失处理暂行办法》（铁运[2012]319号）规定 　列车、车站发生旅客人身伤害时，站车工作人员（），报告列车长、站长组织救护，稳定人员情绪，维护现场秩序。","A","应当到场查看旅客伤害情况","应当立即组织救治","应当立即安排组织救治","只上报信息",""
"600","《铁路旅客人身伤害及携带品损失处理暂行办法》（铁运[2012]319号）规定 因旅客伤害需交车站处理时，应移交前方（）；需要提前报告运行所在铁路局客运调度时，由客运调度通知车站做好救护准备工作。","ABC","县所在地车站","市所在地车站","当地具备公共医疗条件的停车站","就近车站",""
"601","《铁路旅客人身伤害及携带品损失处理暂行办法》（铁运[2012]319号）规定 旅客不同意在前款规定的停车站下车处理时，应当由（）出具拒绝下车治疗的书面声明，并按照本办法第十一条规定收集两份及以上证人证言。","A","旅客","车站","列车","列车长",""
"602","《铁路旅客人身伤害及携带品损失处理暂行办法》（铁运[2012]319号）规定 列车因旅客伤害严重需紧急停车处理或发生3人以上疑似食物中毒的，应立即报告运行所在铁路局客运调度。","A","对","错","","",""
"603","《铁路旅客人身伤害及携带品损失处理暂行办法》（铁运[2012]319号）规定 列车因旅客伤害严重需紧急停车处理或发生3人以上疑似食物中毒的，接到报告后，客运调度应当立即根据列车长提出的要求，通知有关车站及值班主任（列车调度员），需要停车处理的停车处理，并报告本铁路局客运处。","A","对","错","","",""
"604","《铁路旅客人身伤害及携带品损失处理暂行办法》（铁运[2012]319号）规定 　列车发现旅客在区间坠车时应当立即停车按照本办法第四条处理，并通知就近车站或将受伤旅客移交就近车站。需要防护时，按有关规定处理。","A","对","错","","",""
"605","《铁路旅客人身伤害及携带品损失处理暂行办法》（铁运[2012]319号）规定 　车站对本站发生的及列车移交的伤害旅客，应当及时联系当地医疗急救机构或送就近医院抢救。","A","对","错","","",""
"606","《铁路旅客人身伤害及携带品损失处理暂行办法》（铁运[2012]319号）规定 旅客救治发生医疗费用时，应当根据对责任的初步判断，属于旅客自身责任或第三人责任的，由旅客或第三人支付医疗费用。","A","对","错","","",""
"607","《铁路旅客人身伤害及携带品损失处理暂行办法》（铁运[2012]319号）规定 旅客伤害暂不能区分责任或者责任人不明、无力承担的，经处理站站长或者车务段段长批准，可用（）垫付。","A","站进款","车站","列车","车站站长",""
"608","《铁路旅客人身伤害及携带品损失处理暂行办法》（铁运[2012]319号）规定 旅客伤害动用站进款时，填写或补填“运输进款动支凭证”（财收－29），10日内由核算站或车务段财务拨款归还。","A","对","错","","",""
"609","《铁路旅客人身伤害及携带品损失处理暂行办法》（铁运[2012]319号）规定 　受伤旅客经现场抢救无效死亡，或对站内、区间发现的旅客尸体，经医疗部门或公安机关确认死亡，公安机关现场勘查结束后，车站应当转送殡仪馆存放（在此之前，车站应将尸体转移至适当地点并派人看守），并尽快通知其家属。尸体存放原则上不超过10日。","A","对","错","","",""
"610","《铁路旅客人身伤害及携带品损失处理暂行办法》（铁运[2012]319号）规定 死者身份不清且在地（市）级以上报纸刊登寻人启事后10日仍无人认领的，应当根据铁路（）处理尸体；系不法侵害所致的，应当根据铁路公安机关书面意见并商死者家属意见处理尸体。","A","公安机关书面意见","车站","列车","客运部",""
"611","《铁路旅客人身伤害及携带品损失处理暂行办法》（铁运[2012]319号）规定 对死者的（）等应当妥善保管，并于善后处理时一并转交其继承人；死者身份不明或者家属拒绝到站处理的，按无法交付的物品处理。","ABC","车票","衣物","随身携带物品","同行人",""
"612","《铁路旅客人身伤害及携带品损失处理暂行办法》（铁运[2012]319号）规定  外国人在铁路站车死亡的按照《关于转发〈民政部、外交部、公安部关于外国人在华死亡后处理程序有关问题的实施意见〉的通知》（公法〔2008〕25号）处理。","A","对","错","","",""
"613","《铁路旅客人身伤害及携带品损失处理暂行办法》（铁运[2012]319号）规定  发生旅客人身伤害、需要保护现场时，应当（）。","ABCD","及时采取措施保护现场","禁止与救援无关的人员进入","禁止与调查无关的人员进入","必要时，可请求地方政府协助。",""
"614","《铁路旅客人身伤害及携带品损失处理暂行办法》（铁运[2012]319号）规定 发生旅客人身伤害后，列车长、站长应当及时组织（）等。","ABCD","现场查验","全面搜集、梳理相关证据资料","检查旅客所持车票的票种、票号、发到站、车次、有效期","有效身份证件信息",""
"615","《铁路旅客人身伤害及携带品损失处理暂行办法》（铁运[2012]319号）规定 发生旅客人身伤害现场查验时，应（）等其他相关证据，形成比较完整的证据链，能够证明发生的过程和原因，初步明确性质，并妥善保管。","ABCD","描绘现场旅客定位图","收集不少于两份同行人证言及查验记录","收集不少于两份见证人的证言及查验记录","现场照片、录像",""
"616","《铁路旅客人身伤害及携带品损失处理暂行办法》（铁运[2012]319号）规定旅客或第三人能够说明事件发生经过或责任的，应当由其出具书面材料，并签字确认。","A","对","错","","",""
"617","《铁路旅客人身伤害及携带品损失处理暂行办法》（铁运[2012]319号）规定涉及违法犯罪或者旅客死亡的，由铁路公安机关组织现场勘查。","A","对","错","","",""
"618","《铁路旅客人身伤害及携带品损失处理暂行办法》（铁运[2012]319号）规定证人应当具有完全民事行为能力。","A","对","错","","",""
"619","铁路旅客人身伤害及携带品损失处理暂行办法》（铁运[2012]319号）规定证人证言中应当记录证人的姓名、性别、（）等内容。","ABCD","年龄","地址","联系方式","有效身份证件信息",""
"620","铁路旅客人身伤害及携带品损失处理暂行办法》（铁运[2012]319号）规定有医务工作人员参加救治时，应当由其出具参与救治经过的证言。","A","对","错","","",""
"621","《铁路旅客人身伤害及携带品损失处理暂行办法》（铁运[2012]319号）规定证言、证据应当（），能够反映发生的时间、地点、过程、原因和结果。","A","真实","具体","有效","及时",""
"622","《铁路旅客人身伤害及携带品损失处理暂行办法》（铁运[2012]319号）规定  列车向车站移交伤害旅客时，车站可以拒绝接收。","B","对","错","","",""
"623","《铁路旅客人身伤害及携带品损失处理暂行办法》（铁运[2012]319号）规定办理移交手续时，列车应当编制客运记录和旅客携带物品清单一式两份，一份由列车存查，一份连同（）等一并移交。","ABCD","车票","证明材料","相关证人","联系方式",""
"624","《铁路旅客人身伤害及携带品损失处理暂行办法》（铁运[2012]319号）规定办理移交手续时，客运记录应载明日期、车次，旅客姓名、性别、年龄、国籍、民族、职业、单位、有效身份证件号码、联系方式、住址，车票种类、号码、发站、到站、车厢、席位，（），以及证据材料清单等内容。","ABCD","受伤地点","受伤原因","受伤部位","处理简况",""
"625","《铁路旅客人身伤害及携带品损失处理暂行办法》（铁运[2012]319号）规定因时间来不及记明前述内容时，可在客运记录中简要记明日期、车次、下交原因，并必须在（）向处理单位补交有关材料。","A","3日内","5日内","7日内","10日内",""
"626","《铁路旅客人身伤害及携带品损失处理暂行办法》（铁运[2012]319号）规定特殊情况来不及编制客运记录时，列车长或其指定的专人应随同伤害旅客下车办理交接。涉及第三人时，应将第三人同时交站处理。","A","对","错","","",""
"627","《铁路旅客人身伤害及携带品损失处理暂行办法》（铁运[2012]319号）规定对已经控制的违法、犯罪嫌疑人，应当及时移交车站铁路公安派出所。","A","对","错","","",""
"628","《铁路旅客人身伤害及携带品损失处理暂行办法》（铁运[2012]319号）规定 列车发现精神异常旅客时，应重点关注，并按规定交（）妥善处理。","AB","到站","下车站","中途站","终点站",""
"629","《铁路旅客人身伤害及携带品损失处理暂行办法》（铁运[2012]319号）规定 列列车运行途中，旅客有同行成年人的，应要求其同行成年人看护；无同行成年人时，应指派专人看护。必要时，可安排在适当位置看护。","A","对","错","","",""
"630","《铁路旅客人身伤害及携带品损失处理暂行办法》（铁运[2012]319号）规定车站发现进站乘车的旅客精神异常时，可不予其进站乘车，并为其办理退票手续。","A","对","错","","",""
"631","《铁路旅客人身伤害及携带品损失处理暂行办法》（铁运[2012]319号）规定 旅客在法定时限内索赔且能够证明伤害是在铁路旅客运输过程中发生的，受理单位应及时通知发生单位，并本着方便旅客的原则，移交（）处理，被移交站应当受理。发生单位应当在10日内搜集并向处理单位移交相关证据材料。","ABC","旅客就医所在地车站","旅客发站","旅客到站","列车终点站",""
"632","《铁路旅客人身伤害及携带品损失处理暂行办法》（铁运[2012]319号）规定 在站内或区间线路上发现有坠车旅客时，发现或接到通知的车站应当迅速通报有关列车。有关列车接到通报后，应当立即调查。","A","对","错","","",""
"633","《铁路旅客人身伤害及携带品损失处理暂行办法》（铁运[2012]319号）规定 对杀人、抢劫、抢夺、强奸、爆炸、纵火、绑架、结伙斗殴、()等违法犯罪行为造成的旅客人身伤害应当立即向铁路公安机关报警。","ABCD","寻衅滋事","故意伤害","击打列车","故意损毁、移动站车设备",""
"634","《铁路旅客人身伤害及携带品损失处理暂行办法》（铁运[2012]319号）规定 对因（）、或者非法阻拦行车、堵塞通道等，引起公共秩序混乱,造成的旅客人身伤害应当立即向铁路公安机关报警。","ABCD","散布谣言、谎报险情","疫情、警情","扬言放火、爆炸","投放危险物质",""
"635","《铁路旅客人身伤害及携带品损失处理暂行办法》（铁运[2012]319号）规定 对()造成的旅客人身伤害应当立即向铁路公安机关报警。","ABCD","火灾、爆炸、中毒等治安灾害事故","精神病人肇事肇祸，醉酒滋事行为","自然灾害","铁路设备、设施故障造成的事故",""
"636","《铁路旅客人身伤害及携带品损失处理暂行办法》（铁运[2012]319号）规定  发生旅客人身伤害及携带品损失()，应当及时通知铁路公安机关：","ABCD","应当控制、约束违法犯罪嫌疑人","扣押相关涉案物品的","应当保护现场、维持秩序、","协同救助的；",""
"637","《铁路旅客人身伤害及携带品损失处理暂行办法》（铁运[2012]319号）规定  发生旅客人身伤害及携带品损失()，应当及时通知铁路公安机关：","ABCD","应当由铁路公安机关介入调查","应当由铁路公安机关获取证据、查明原因的；","引发治安纠纷或者酿成群体性事件并影响站车秩序，应当及时处置的；","造成旅客死亡的",""
"638","《铁路旅客人身伤害及携带品损失处理暂行办法》（铁运[2012]319号）规定  车站、列车发生旅客人身伤害时，可用电话向所在单位或上级主管部门报告概况。","A","对","错","","",""
"639","《铁路旅客人身伤害及携带品损失处理暂行办法》（铁运[2012]319号）规定  发生重伤以上旅客人身伤害时，应（）。","ABCD","第一时间以短信方式向所属铁路局主管部门报告","随后向有关铁路局主管部门拍发速报","逐级向上级主管部门报告","向上级主宣传部门报告",""
"640","《铁路旅客人身伤害及携带品损失处理暂行办法》（铁运[2012]319号）规定 报告（含速报）内容主要包括()。","ABCD","发生日期、时间、","发生车次、地点","发生车站","区间里程",""
"641","《铁路旅客人身伤害及携带品损失处理暂行办法》（铁运[2012]319号）规定 报告（含速报）内容主要包括伤亡旅客的姓名、性别、年龄、国籍、民族、职业、单位、有效身份证件号码、联系方式、住址以及()。","ABCD","车票种类、号码","车票发站、到站","车票车厢、席位等基本情况。","发生经过、旅客伤亡及现场处理简况",""
"642","《铁路旅客人身伤害及携带品损失处理暂行办法》（铁运[2012]319号）规定 发生旅客人身伤害后，发生地车站（车务段）或处理站（车务段）应当组织发生单位、车站铁路公安派出所及相关单位成立善后处理工作组（以下简称工作组）。必要时，由发生地或处理站所在地铁路局组织。","A","对","错","","",""
"643","《铁路旅客人身伤害及携带品损失处理暂行办法》（铁运[2012]319号）规定 发生旅客轻伤且经旅客或第三人同意现场调解、责任明确的，可由车站会同（）等共同进行现场处理。","ABCD","铁路公安派出所","发生单位","旅客","第三人",""
"644","《铁路旅客人身伤害及携带品损失处理暂行办法》（铁运[2012]319号）规定  工作组负责办理受伤旅客就医、食宿等事宜。","A","对","错","","",""
"645","《铁路旅客人身伤害及携带品损失处理暂行办法》（铁运[2012]319号）规定 工作组负责收集相关资料，建立案卷。案卷中应有：（）及铁路公安机关处理尸体意见等材料。","ABCD","客运记录、证人证言","车票、医院证明","现场照片或图示","寻人启示",""
"646","《铁路旅客人身伤害及携带品损失处理暂行办法》（铁运[2012]319号）规定 铁路公安机关制作有现场勘验笔录、法医鉴定结论的，在不影响案件办理的情况下，可以收集存入案卷。","A","对","错","","",""
"647","《铁路旅客人身伤害及携带品损失处理暂行办法》（铁运[2012]319号）规定 工作组负责（）。","ABCD","核查伤亡旅客身份，通知其家属或发布寻人启示。","处理旅客遗留物品或死亡旅客遗体。","向旅客或其继承人、代理人通报有关情况，协商处理善后事宜。","其他与善后处理有关的事宜",""
"648","《铁路旅客人身伤害及携带品损失处理暂行办法》（铁运[2012]319号）规定  受伤旅客临床治疗结束或死亡旅客遗体处理完毕，工作组应当根据铁路安全监督管理办公室对责任确定情况，（）。","ABCD","核实各项费用","核实授权委托书、亲属关系证明等有关证明后","涉及铁路运输企业责任的，尽快按有关法律规定与旅客协商办理赔付","涉及铁路运输企业责任的，尽快按有关法律规定与其继承人、代理人协商办理赔付",""
"649","《铁路旅客人身伤害及携带品损失处理暂行办法》（铁运[2012]319号）规定 医疗费用应根据实际产生或后续治疗需要,凭治疗医院单据或建议核定。旅客需转院治疗时，应与处理单位协商一致，并经治疗医院同意。","A","对","错","","",""
"650","《铁路旅客人身伤害及携带品损失处理暂行办法》（铁运[2012]319号）规定 残疾赔偿金应根据有关鉴定机构出具的旅客人体损伤残疾程度鉴定意见，或者根据旅客受伤程度，比照有关人体损伤残疾程度鉴定标准所对应的残疾等级，按照有关标准计算。","A","对","错","","",""
"651","《铁路旅客人身伤害及携带品损失处理暂行办法》（铁运[2012]319号）规定 办理赔付时，编制“()”，经各方确认、签字或加盖处理单位公章后，将赔偿金依据法定顺位支付给旅客或其继承人、代理人，旅客或其继承人、代理人出具收据交处理单位。","A","铁路旅客人身伤害及携带品损失最终处理协议书","客运记录","调查处理报告","转账通知书",""
"652","《铁路旅客人身伤害及携带品损失处理暂行办法》（铁运[2012]319号）规定  根据责任确定情况，处理旅客人身伤害所发生的赔偿金及其他费用，由责任单位承担；无法确定责任单位的，由发生单位承担。","A","对","错","","",""
"653","《铁路旅客人身伤害及携带品损失处理暂行办法》（铁运[2012]319号）规定  需向责任单位或发生单位转账时，由处理单位所属铁路局财务部门开具“（）”（会凭7），连同“铁路旅客人身伤害及携带品损失最终处理协议书”转送责任单位或发生单位所属铁路局财务部门。","D","铁路旅客人身伤害及携带品损失最终处理协议书","客运记录","调查处理报告","转账通知书",""
"654","《铁路旅客人身伤害及携带品损失处理暂行办法》（铁运[2012]319号）规定 责任单位或发生单位所属铁路局财务部门应当在收到“转账通知书”等材料次日起30日内将费用转拨至处理单位所属铁路局；超过30日的，每超过1日，按应付费用的（）支付滞纳金。","A","0.50%","1.00%","2.00%","3.00%",""
"655","《铁路旅客人身伤害及携带品损失处理暂行办法》（铁运[2012]319号）规定  旅客人身伤害是旅客自身原因或第三方造成时，铁路运输企业在垫付相关费用后，可向旅客或第三方追偿。","A","对","错","","",""
"656","《铁路旅客人身伤害及携带品损失处理暂行办法》（铁运[2012]319号）规定 旅客人身伤害处理完毕后，处理单位和发生单位应在3日内逐级向所属铁路局客运主管部门报送“（）”。","C","铁路旅客人身伤害及携带品损失最终处理协议书","客运记录","调查处理报告","转账通知书",""
"657","《铁路旅客人身伤害及携带品损失处理暂行办法》（铁运[2012]319号）规定  案卷一案一卷，由处理单位保管，保存期为5年。","A","对","错","","",""
"658","《铁路旅客人身伤害及携带品损失处理暂行办法》（铁运[2012]319号）规定  车站、视频监控设备管理部门应当定期采集视频监控数据，涉及旅客人身伤害纠纷的视频监控数据保存期不得少于一年。","A","对","错","","",""
"659","《铁路旅客人身伤害及携带品损失处理暂行办法》（铁运[2012]319号）规定 在铁路旅客运输过程中遇有急病、分娩的旅客时，车站、列车应当尽力予以救助，其救助程序参照本办法相关规定办理。","A","对","错","","",""
"660","《铁路旅客人身伤害及携带品损失处理暂行办法》（铁运[2012]319号）规定 “铁路旅客运输过程”指旅客（）止。“以上”、“以下”包括本数。","A","自进站检票时起至出站检票时","自进站时起至出站检票时","自进站检票时起至出站时","自进站时起至出站时",""
"661","《铁路旅客人身伤害及携带品损失处理暂行办法》（铁运[2012]319号）规定 “站长”指车站现场负责人，包括（）。","ABCD","站长","副站长","值班站长","站长指定的负责人员",""
"662","《铁路旅客运输服务质量规范》规定重点旅客：指(  )、孕旅客。","ABCD","老","幼","病","残",""
"663","《铁路旅客运输服务质量规范》规定特殊重点旅客：指因年龄、行为、身体状况等原因，在旅行中(  )。","AB","依靠辅助器具才能行动","需特殊照顾的重点旅客","正常旅行旅客","携带东西的旅客",""
"664","《铁路旅客运输服务质量规范》规定照度（平面照度）：指单位面积上所接受的光通量，单位为勒克斯（lx）。","A","对","错","","",""
"665","《铁路旅客运输服务质量规范》规定客运车站应安全制度健全有效，安全管理职责明确，能满足安全生产需要。","A","对","错","","",""
"666","《铁路旅客运输服务质量规范》规定客运车站应落实安全双重预防机制，有(  )、消防管理、食品安全、信息安全、等管理制度和办法。","ABCD","安全生产责任制","安全检查和安全质量考核","安全红线","劳动安全",""
"667","《铁路旅客运输服务质量规范》规定客运车站应落实安全双重预防机制，有(  )、旅客人身伤害处理等管理制度和办法。","ABCD","设备设施、实名验证、结合部、","现金票据安全","站台作业车辆安全","保洁作业安全",""
"668","《铁路旅客运输服务质量规范》规定客运车站按规定配备安检仪、安全门、(  )等安全检查设备设施，正常启用，满足查验不同禁限物品的需求。","ABCD","处置台","手持金属探测器","液体检测仪","防爆毯",""
"669","《铁路旅客运输服务质量规范》规定车站安全检查设备设施(  )按规定设置安检查获物品存放场所。","ABCD","设在旅客进站流线","行包（快运）营业场所适当位置","不影响旅客通行","安检仪传输带延长端适当",""
"670","《铁路旅客运输服务质量规范》规定车站按规定(  )。","ABCD","配备消防设备","配备消防器材","定期检测维护","合格有效",""
"671","《铁路旅客运输服务质量规范》规定车站集散厅、售票处、候车区(室)、旅客通道、地下站台等场所有(  )，状态良好。","AB","应急照明灯","疏散指示标志","站名牌","广告",""
"672","《铁路旅客运输服务质量规范》规定车站安全标志使用正确，位置恰当，便于辨识。车站(  )等部位有相应的引导、安全标志。","ABCD","电梯","天桥、地道","楼梯、站台","通道、护栏",""
"673","《铁路旅客运输服务质量规范》规定车站落地玻璃前有防撞装置和警示图形标志。(  )等警示用语。","ABCD","高站台设置“小心站台间隙”警示标志","高站台设置“小心站台间隙”警示条","挡墙设置“跳下站台危险”","挡墙设置“严禁横越线路”",""
"674","《铁路旅客运输服务质量规范》规定车站(  )和服务场所临空处按规定设置防护装置。","ABC","电梯","天桥","楼梯悬空侧","售票厅内",""
"675","《铁路旅客运输服务质量规范》规定车站配备安检人员，设有(  )岗位。","ABCD","引导","值机","手检","处置",""
"676","《铁路旅客运输服务质量规范》规定车站进行安全检查时(  )，车站候车区域内商铺的商品进站应经过安全检查。","ABCD","旅客人人通过安全门和手持金属探测器检查","旅客携带品及托运的行包（快件）在车站应经过安检仪检查","无法确认安全性的液体应使用液体检测仪检查","安检口外开设的车站小件寄存处对寄存物品进行安全检查",""
"677","《铁路旅客运输服务质量规范》规定车站安检人员持证上岗，佩戴“安检查危检查证”。","B","对","错","","",""
"678","《铁路旅客运输服务质量规范》规定车站对检查发现和列车移交的禁限物品按规定处理。为符合暂存条件的禁限物品提供暂存服务，免费暂存期限不少于(  )天。","C","10","5","3","2",""
"679","《铁路旅客运输服务质量规范》规定车站站区实行封闭式管理，(  )。","ABCD","旅客进出站乘降有序","封闭区域内无闲杂人员","进出站通道流线清晰","有管理措施",""
"680","《铁路旅客运输服务质量规范》规定车站站台两端设置防护栅栏并有“禁止通行”或“旅客止步”标志；(  )等有专人管理，无堵塞。","ABC","疏散通道","紧急出口","消防车通道","服务室",""
"681","《铁路旅客运输服务质量规范》规定车站进入站台的作业车辆及移动小机具、小推车(  )具备常态制动装置（不含轮椅），小推车应安装防撞胶条。","ABCD","不影响旅客乘降","不堵塞通道","不侵入安全标线","停放时在指定位置，与列车平行",""
"682","《铁路旅客运输服务质量规范》规定机动车辆在站内(  )；站台有旅客乘降及两侧股道有机车、车辆运行时，站台上机动车辆应停止行驶。非作业车辆禁止进入站台。","ABCD","行驶速度不超过10千米/时","禁止鸣笛","不得侵入安全标线","站台狭窄地段通行如侵限时有人防护",""
"683","《铁路旅客运输服务质量规范》规定车站安全用电，无违规使用电源、电器。","A","对","错","","",""
"684","《铁路旅客运输服务质量规范》规定车站工作人员通过生产作业、消防、电器、电气化、卫生防疫、劳动人身等安全培训，特种设备操作人员按规定通过(  )获得相应资质。安全培训有计划，有记载，有考核。","A","相应岗位安全培训","相应岗位理论培训","相应岗位实作培训，","相应岗位应急培训，",""
"685","《铁路旅客运输服务质量规范》规定车站发生旅客人身伤害、突发疾病或接收列车移交的伤、病、分娩人员时，及时联系(  )。","A","医疗机构","客运科","客运部","站领导",""
"686","《铁路旅客运输服务质量规范》规定车站遇旅客(  )时，及时报告（通知）公安机关。","ABC","死亡","涉及违法犯罪","发现弃婴、流浪乞讨人员","丢失携带品",""
"687","《铁路旅客运输服务质量规范》规定车站基础设备设施符合设计规范，定期维护，作用良好，无违规改造和改变用途。","A","对","错","","",""
"688","《铁路旅客运输服务质量规范》规定车站有售票处、候车区(室）、补票处、行包（快运）营业场所、天桥或地道、站台、风雨棚、围墙（栅栏）等基础设施，地面硬化平整，房屋、风雨棚、天桥、地道无渗漏，墙面、天花板无开裂、翘起、脱落，扶手、护栏、隔断、门窗牢固完好，楼梯踏步无缺损。","A","对","错","","",""
"689","《铁路旅客运输服务质量规范》规定车站新建、改建站台风雨棚应满足(  )等需要。","ABC","旅客乘降","行包邮件装卸","高铁快运装卸","旅客避雨",""
"690","《铁路旅客运输服务质量规范》规定车站有通风、照明、空调、广播、供水、排水、防寒、防暑等设备设施。","A","对","错","","",""
"691","《铁路旅客运输服务质量规范》规定车站图形标志符合标准，齐全醒目，(  )信息准确。","ABC","位置恰当","安装牢固","内容规范","美观大方",""
"692","《铁路旅客运输服务质量规范》规定客运车站有(  )等标志，指引准确。","ABCD","位置标志","导向标志","平面示意图","信息板",""
"693","《铁路旅客运输服务质量规范》规定客运车站站台两端、中部各设有一个站名牌，设置不少于3处，便于列车内旅客以正常视角快速识别站名标志。","B","对","错","","",""
"694","《铁路旅客运输服务质量规范》规定根据各服务处所和服务设备设施的功能、用途设置揭示揭挂，采取电子显示屏、公告栏等方式公布营业时间、列车时刻、(  )、行包托运须知等服务信息及铁路旅客禁止、限制携带和托运物品目录等相关公告。","ABCD","铁路旅客旅行须知","铁路旅客购票须知","铁路旅客乘车安全须知","高铁快运办理范围",""
"695","《铁路旅客运输服务质量规范》规定售票窗口、(  )前设置黄色“一米线”，宽度10厘米。","ABC","自动售票机","自动检票机","自助实名制核验闸机","出站自助闸机",""
"696","《铁路旅客运输服务质量规范》规定电子显示屏信息显示及时，每屏信息的显示时间适当，便于旅客阅读。","A","对","错","","",""
"697","《铁路旅客运输服务质量规范》规定售票处、候车区（室）、站台有时间显示设备，显示时间准确。","A","对","错","","",""
"698","《铁路旅客运输服务质量规范》规定广播覆盖各服务处所，具备无线小区广播和分区广播功能；音箱（喇叭）设备设置合理，音响效果清晰。","A","对","错","","",""
"699","《铁路旅客运输服务质量规范》规定有电子显示引导系统，满足温度环境使用要求，(  )。","ABCD","室外显示屏具有防雨、防湿、防寒、防晒、防尘等性能","信息显示及时","每屏信息的显示时间适当","便于旅客阅读",""
"700","《铁路旅客运输服务质量规范》规定候车区（室）内设置候车引导屏，显示车次、(  )等信息。","ABCD","始发站","终到站","开车时刻","检票口、状态",""
"701","《铁路旅客运输服务质量规范》规定检票口设置进站检票屏，显示车次、终到站、开车时刻、站台、状态，有条件的应增加动车组车厢位置标颜色、列车编组前后顺位等信息。","A","对","错","","",""
"702","《铁路旅客运输服务质量规范》规定天桥、地道内设置进、出站通道屏，显示当前(  )、列车编组前后顺位等信息。","ABC","到发列车车次","始发站、终到站、站台","到开时刻","室外温度",""
"703","《铁路旅客运输服务质量规范》规定站台设置站台屏，显示当前车次、(  )等信息。","ABCD","始发站、终到站","实际开点（终到站为到点）","列车编组前后顺位、","动车组车厢位置标颜色引导提示",""
"704","《铁路旅客运输服务质量规范》规定出站口对外设置出站屏，显示(  )状态等信息。","ABC","到达车次","始发站时刻","到达时刻","停运信息",""
"705","《铁路旅客运输服务质量规范》规定电子显示引导系统待机状态显示(  )等信息。","ABC","站名","安全提示","欢迎词","广告",""
"706","《铁路旅客运输服务质量规范》规定售票处、候车区（室）可设置自助查询终端，内容完整、准确。","A","对","错","","",""
"707","《铁路旅客运输服务质量规范》规定视频监控系统覆盖车站各服务处所，具备自动录像功能，公共安全重点区域视频图像信息保存时间为(  )天。","A","90","60","3年","15",""
"708","《铁路旅客运输服务质量规范》规定其他视频录像资料留存时间不少于(  )天，涉及旅客人身伤害、扰乱站车公共秩序等重要的视频资料单独保存3年。","D","90","60","3年","15",""
"709","《铁路旅客运输服务质量规范》规定涉及旅客人身伤害、扰乱站车公共秩序等重要的视频资料单独保存(  )。","C","90","60","3年","15",""
"710","《铁路旅客运输服务质量规范》规定售票窗口配备工作桌椅、计算机、制票机、凭条打印机、居民身份证识读器、双向对讲器、窗口屏、保险柜、验钞机等售票设备及(  )。","ABCD","具有录像、拾音、录音功能的监控设备","发售学生优惠票的窗口配备学生优惠卡识读器","退票、改签窗口配备二维码扫描仪","电子支付窗口配备POS机和扫码支付设备",""
"711","《铁路旅客运输服务质量规范》规定在售票窗口正上方设置(  )或状态等信息。","ABCD","窗口屏","显示窗口号","显示窗口功能","显示工作时间",""
"712","《铁路旅客运输服务质量规范》规定在售票窗口有对外显示屏，显示旅客(  )等信息。配备自动售票机，具备银行卡或电子支付功能。","ABC","购票","退票","改签","个人",""
"713","《铁路旅客运输服务质量规范》规定售票窗口设置工号牌或采用电子显示屏，显示(  )等信息。","AD","售票人员工号","售票人员姓名","本人正面二寸彩色白底照片","本人正面二寸工作服彩色白底照片",""
"714","《铁路旅客运输服务质量规范》规定候车区（室）布局合理，方便旅客。配备适量座椅，摆放整齐，不影响旅客通行。","A","对","错","","",""
"715","《铁路旅客运输服务质量规范》规定车站卫生间所在地区冬季月平均气温低于(  )的车站卫生间洗手池应设有热水，提供热水的水龙头占全部水龙头的比例不低于30%，热水应满足5秒内出水。","B","8℃","10℃","15℃","20℃",""
"716","《铁路旅客运输服务质量规范》规定车站电梯正常启用，作用良好。(  )，呼叫铃响，及时响应。","ABCD","安全标志醒目","遇故障、维修时有停止使用等提示","自动扶梯出入口处具备自动感应语音提示功能","垂直电梯内设置视频监控并接入综合视频监控系统",""
"717","《铁路旅客运输服务质量规范》规定车站检票口设(  )和手持移动检票终端。","ABCD","自动检票通道","人工检票通道","配备自动检票机","配备柱式检票机",""
"718","《铁路旅客运输服务质量规范》规定车站候车区（室）检票口合并进行实名制查验和检票作业的车站，自动检票机、柱式检票机须具备(  )功能。","B","查验","实名制查验","车票查验","购票查验",""
"719","《铁路旅客运输服务质量规范》规定车站站台设有(  )，位置准确，醒目易识。","ABCD","响铃设备，作用良好","地面标示安全标线或安装站台门","站台安全标线或站台门的内侧设置动车组车厢位置标","配有显示屏的站台门通过显示屏明确车厢位置",""
"720","《铁路旅客运输服务质量规范》规定(  )。","ABCD","给水站按规定设置水井","给水站按规定设置水栓","给水系统作用良好","水源保护、水质符合国家标准",""
"721","《铁路旅客运输服务质量规范》规定客运人员每人配置具备录音功能的无线对讲设备，站台客运人员无线对讲设备具备与(  )通话功能。","AB","司机","列车长","客运站领导","客运科",""
"722","《铁路旅客运输服务质量规范》规定客运人员仪容整洁，着装统一，干净平整。头发(  )。","ABCD","干净整齐","颜色自然","不理奇异发型","不剃光头",""
"723","《铁路旅客运输服务质量规范》规定客运人员男性两侧鬓角不得超过耳垂底部，(  )。","ABCD","后部不长于衬衣领","不遮盖眉毛、耳朵","不烫发","不留胡须",""
"724","《铁路旅客运输服务质量规范》规定客运人员女性发不过肩，刘海长不遮眉，短发不短于(  )厘米。","A","7","8","9","10",""
"725","《铁路旅客运输服务质量规范》规定客运人员(  )。女性淡妆上岗，保持妆容美观，不浓妆艳抹，不染彩色指甲，指甲无装饰物。","ABCD","面部、双手保持清洁","指甲修剪整齐","长度不超过指尖2毫米","身体外露部位无文身",""
"726","《铁路旅客运输服务质量规范》规定客运人员女性淡妆上岗，(  )。","ABCD","保持妆容美观","不浓妆艳抹","不染彩色指甲","指甲无装饰物",""
"727","《铁路旅客运输服务质量规范》规定客运人员按岗位换装统一,衣扣拉链整齐。(  )。","ABCD","着裙装时,丝袜统一,无破损。","衬衣束在裙子或裤子内","着夏装时可不佩戴领带","外露的皮带为黑色",""
"728","《铁路旅客运输服务质量规范》规定客运人员佩戴的外露饰物款式简洁,限手表一只、戒指一枚,女性还可佩戴(  )。","ABCD","发夹","发网","头花","一副直径不超过3毫米的耳钉",""
"729","《铁路旅客运输服务质量规范》规定客运人员不歪戴帽子,(  ),鞋的颜色为深色系，鞋跟高度不超过3.5厘米,跟径不小于3.5厘米。","ABCD","不挽袖子和卷裤脚","不敞胸露怀","不赤足穿鞋","不穿尖头鞋、拖鞋、露趾鞋",""
"730","《铁路旅客运输服务质量规范》规定客运人员鞋的颜色为深色系，鞋跟高度不超过(  )厘米,跟径不小于(  )厘米。","A","3.5","3","2.5","2",""
"731","《铁路旅客运输服务质量规范》规定客运人员佩戴职务标志（售票人员除外），胸章牌（长方形职务标志）戴于左胸口袋上方正中，下边沿距口袋１厘米处（无口袋的戴于相应位置），包含(  )等内容。臂章佩戴在上衣左袖肩下四指处。","ABCD","单位","姓名","职务","工号",""
"732","《铁路旅客运输服务质量规范》规定(  )不佩戴制帽，其他人员执行职务时应戴制帽。","ABCD","售票员","验证人员","坐姿作业人员","安检人员",""
"733","《铁路旅客运输服务质量规范》规定高温时期（办理站车交接时除外）必须佩戴制帽。帽徽在制帽折沿上方正中。","B","对","错","","",""
"734","《铁路旅客运输服务质量规范》规定客运人员表情自然，(  )。","ABCD","态度和蔼","用语文明","举止得体","庄重大方",""
"735","《铁路旅客运输服务质量规范》规定客运人员服务语言表达规范、准确，使用“请”(  )等服务用语。","ABCD","“您好”","“谢谢”","“对不起”","“再见”",""
"736","《铁路旅客运输服务质量规范》规定客运人员(  )等。","ABCD","对旅客称呼恰当","对托运人称呼恰当","统称为“旅客们”“各位旅客”“旅客朋友”","单独称为“先生”“女士”“小朋友”“同志”",""
"737","《铁路旅客运输服务质量规范》规定客运人员旅客问讯时，面向旅客站立（坐姿作业人员可不站立），(  )。","ABCD","目视旅客","有问必答","回答准确","解释耐心",""
"738","《铁路旅客运输服务质量规范》规定客运人员遇有失误时，向旅客表示歉意。对旅客的配合与支持，表示感谢。","A","对","错","","",""
"739","《铁路旅客运输服务质量规范》规定客运人员坐立、行走姿态端正，步伐适中，轻重适宜。(  )。列队出（退）勤时，按规定线路行走，步伐一致。多人行走时，两人成排，三人成列。","ABCD","在旅客多的地方先示意后通行","与旅客走对面时，主动让路","面向旅客侧身让行","不与旅客抢行",""
"740","《铁路旅客运输服务质量规范》规定客运人员列队出（退）勤时(  )。","ABCD","按规定线路行走","步伐一致","多人行走时，两人成排","多人行走时，三人成列",""
"741","《铁路旅客运输服务质量规范》规定客运人员立岗姿势规范，精神饱满。站立时，挺胸收腹，两肩平衡，(  )。","ABCD","身体自然挺直","双臂自然下垂","手指并拢贴于裤线上","脚跟靠拢，脚尖略向外张呈“V”字形",""
"742","《铁路旅客运输服务质量规范》规定客运人员女性可双手四指并拢，交叉相握(  )。","ABCD","右手叠放在左手之上","自然垂于腹前","左脚靠在右脚内侧","夹角为45°呈“丁”字形",""
"743","《铁路旅客运输服务质量规范》规定客运人员迎送列车时，(  )。","ABCD","足靠安全标线","不侵入安全标线外","面向列车方向目迎目送","以列车进入站台开始，开出站台为止",""
"744","《铁路旅客运输服务质量规范》规定客运人员办理交接时(  )。","ABCD","行举手礼","右手五指并拢平展","向内上方举手至帽沿右侧边沿","小臂形成45°角",""
"745","《铁路旅客运输服务质量规范》规定客运人员清理卫生时，(  )占用洗脸间洗漱时，礼让旅客。","ABCD","清扫工具不触碰旅客及携带物品","挪动旅客物品时，征得旅客同意","需要旅客配合时应轻声礼貌。","需要踩踏座席时，戴鞋套或使用垫布。",""
"746","《铁路旅客运输服务质量规范》规定客运人员(  )，不对旅客评头论足，接班前和工作中不食用异味食品。","ABCD","不高声喧哗","不嬉笑打闹","不勾肩搭背，","不在旅客面前吃食物、吸烟、剔牙齿和出现其他不文明、不礼貌的动作",""
"747","《铁路旅客运输服务质量规范》规定客运车站站容整洁，环境舒适。干净整洁，窗明地净，物见本色。","A","对","错","","",""
"748","《铁路旅客运输服务质量规范》规定客运车站地面干净无垃圾；(  )。","ABCD","玻璃透明无污渍","墙壁无污渍、涂鸦","电梯、扶手、护栏、座椅、台面、安检仪、处置台等处无积尘","电梯、扶手、护栏、座椅、台面、安检仪、处置台等处无污渍",""
"749","《铁路旅客运输服务质量规范》规定客运车站卫生间通风良好，(  )。饮水处地面无积水，饮水机表面清洁无污渍，沥水槽无残渣。站台、天桥、地道等地面无积水、积冰、积雪，股道无杂物。","ABCD","干净无异味","地面无积水","便池无积便、积垢","洗手池清洁无污垢",""
"750","《铁路旅客运输服务质量规范》规定客运车站饮水处地面无积水，饮水机表面清洁无污渍，沥水槽无残渣。","A","对","错","","",""
"751","《铁路旅客运输服务质量规范》规定客运车站站台、天桥、地道等（   ）。","ABCD","地面无积水","地面无积冰","地面无积雪","股道无杂物",""
"752","《铁路旅客运输服务质量规范》规定车站照明充足，行包（快运）营业场所、安全检查区域照明照度不应低于(  )勒克斯。","A","300","200","150","75",""
"753","《铁路旅客运输服务质量规范》规定车站照明充足，售票处、检票口、服务台照明照度不低于(  )勒克斯。","B","300","200","150","75",""
"754","《铁路旅客运输服务质量规范》规定车站照明充足，候车区（室）、通道、扶梯、集散厅照明照度不应低于(  )勒克斯。","C","300","200","150","75",""
"755","《铁路旅客运输服务质量规范》规定车站各服务处所设置适量的分类垃圾箱（桶），外皮清洁，每日消毒一次。按垃圾分类配备垃圾袋，(  )。","ABCD","可回收垃圾使用蓝色垃圾袋","其他垃圾使用黑色垃圾袋","材质符合国家标准","厚度不小于0.025毫米，无破损、渗漏",""
"756","《铁路旅客运输服务质量规范》规定车站垃圾车外表(  )。垃圾及时清运，储运密闭化，固定通道，日产日清。","ABC","无明显污垢","垃圾不散落","污水不外溢","",""
"757","《铁路旅客运输服务质量规范》规定车站由具备资质的专业保洁企业保洁，使用(  )。","ABCD","专业保洁机具","专业清洁工具","清洗剂符合环保要求","不腐蚀、污染设备备品",""
"758","《铁路旅客运输服务质量规范》规定车站保洁人员经过(  )。","ABC","保洁专业知识培训合格","铁路安全知识培训合格","持证上岗","无需持证",""
"759","《铁路旅客运输服务质量规范》规定车站墙壁、玻璃、隔断、护栏等2米以下的部位(  )保洁，车站对保洁作业有检查，有考核。","A","每日","每旬","每月","定期",""
"760","《铁路旅客运输服务质量规范》规定车站2米以上的部位及顶、棚等设施(  )保洁。车站对保洁作业有检查，有考核。","D","每日","每旬","每月","定期",""
"761","《铁路旅客运输服务质量规范》规定车站通风良好，空气质量符合国家规定。有空调的服务处所温度调节适宜，体感舒适，原则上保持冬季(  )，夏季(  )。","C","18℃～26℃","20℃～28℃","18℃～20℃、26℃～28℃","26℃～28℃、18℃～20℃",""
"762","《铁路旅客运输服务质量规范》规定车站无空调的服务处所室内温度冬季不低于(  )，夏季超过(  )时使用电风扇。高寒地区站房进出口处有门斗和防寒挡风门帘（风幕）。","A","14℃、28℃","18℃、28℃","14℃、26℃","16℃、28℃",""
"763","《铁路旅客运输服务质量规范》规定车站各服务处所按规定开展(  )工作，蚊、蝇、鼠、蟑密度控制水平符合国家标准。","ABC","消毒","杀虫","灭鼠","打扫",""
"764","《铁路旅客运输服务质量规范》规定车站落客平台、站台设置的垃圾箱（桶）上有烟灰盒。分设照明开关，使用节能灯具，根据自然光照度及时开启或关闭照明。用水处有节水宣传揭示。","A","对","错","","",""
"765","《铁路旅客运输服务质量规范》规定车站广播语音清晰，(  )。","ABCD","音量适宜","用语规范","内容准确","播放及时",""
"766","《铁路旅客运输服务质量规范》规定车站通告列车运行情况、检票等信息，有(  )等宣传。","ABCD","禁止携带危险品进站上车","旅行安全常识","公共卫生","禁止吸烟",""
"767","《铁路旅客运输服务质量规范》规定车站采用自动语音合成方式，日常重点内容播音录音化，可变信息尽可能集中录制，减少信息合成的频次。","A","对","错","","",""
"768","《铁路旅客运输服务质量规范》规定车站全面服务，重点照顾。无需求无干扰。配备自动售票机、自动检票机、电子显示屏等服务设备，通过广播、揭示揭挂、电子显示等方式宣传服务设备的使用方法，方便旅客自助服务。","A","对","错","","",""
"769","《铁路旅客运输服务质量规范》规定车站有需求有服务。售票处、候车区（室）公布中国铁路12306客户服务中心电话（区号+12306）。实行首问首诉负责制，(  )。","ABCD","旅客问讯时不得无故推托拒绝","对旅客提出的问题不能解决时，指引到相应岗位","做好耐心解释","接听电话时，先向旅客通报单位和工号",""
"770","《铁路旅客运输服务质量规范》规定车站重点关注，优先照顾，做好重点旅客服务。按需为特殊重点旅客提供帮助，(  )。","ABC","有服务","有交接","有登记","",""
"771","《铁路旅客运输服务质量规范》规定车站为有需求的特殊重点旅客提供(  )引导帮扶、协助乘降，以及站内免费轮椅、担架（车）等服务，为视力残疾旅客携带导盲犬提供便利。","ABCD","优先购票、","优先安检","优先验证","优先检票、",""
"772","《铁路旅客运输服务质量规范》规定车站(  )。特殊重点旅客可预约相关服务，车站应设置12306预约旅客会合点。","ABCD","按规定数量配备轮椅等辅助器具，","按规定数量配备担架（车）等辅助器具","定位放置","取用方便",""
"773","《铁路旅客运输服务质量规范》规定车站检票口附近设置不少于2个黄色标志的(  )和不少于1个轮椅停放位置。","B","旅客候车专座","重点旅客候车专座","军人旅客候车专座","特殊旅客候车专座",""
"774","《铁路旅客运输服务质量规范》规定车站设置优先通道，为(  )和“三属”提供优先购票、优先安检、优先验证、优先检票服务，标识醒目，服务到位。","ABC","重点旅客","军人","消防救援人员","旅客",""
"775","《铁路旅客运输服务质量规范》规定车站无障碍电梯或相关设备，正常使用。盲道畅通无障碍。","A","对","错","","",""
"776","《铁路旅客运输服务质量规范》规定车站旅客在站内遗失物品时，帮助（或广播）查找；收到旅客遗失物品(  )。","ABCD","及时登记、公告","登记内容完整","保管措施妥当","处置措施合法",""
"777","《铁路旅客运输服务质量规范》规定车站(  )配备符合规定，有药械请领、使用、交接、回收相关制度。","ABC","医疗急救药箱","药品","器械","担架",""
"778","《铁路旅客运输服务质量规范》规定车站办理(  )等业务，发售优惠票、优待票、签证等各种车票，支持现金、银行卡、电子支付等支付方式。","ABCD","售票","退票","改签","资质核验",""
"779","《铁路旅客运输服务质量规范》规定车站工作时间内暂停售票时设有提示。用餐或交接班时间实行(  )售票。","D","错时","暂停","关闭","错时暂停",""
"780","《铁路旅客运输服务质量规范》规定车站根据车站客流、最早最晚办理客运业务列车到达时刻、售票处位置等合理确定(  )，并在售票处醒目位置公布。","AB","售票处营业时间","本站列车停售时间","列车开车时间","旅客出站时间",""
"781","《铁路旅客运输服务质量规范》规定车站开始营业时间不晚于本站首趟旅客列车开车前(  )分钟，停止营业时间不早于本站最后一趟旅客列车办理客运业务后(  )分钟。","A","30、20","20、30","20、20","30、30",""
"782","《铁路旅客运输服务质量规范》规定车站自动售票机及时补充票据和凭条。设备故障等异常状况处置及时。","A","对","错","","",""
"783","《铁路旅客运输服务质量规范》规定车站票据、现金妥善保管，票面完整、清晰。票据填写规范，(  )。","ABC","内容准确","无涂改","按规定加盖站名戳和名章","可涂改",""
"784","《铁路旅客运输服务质量规范》规定车站安检通道的设置适应客流量和站场条件，旅客走行顺畅，标志指引清晰，通道数量满足常态排队等待时间不超过(  )要求。引导旅客通过安全门并接受手持金属探测器检查，携带品过机检查。","A","5分钟","10分钟","15分钟","20分钟",""
"785","《铁路旅客运输服务质量规范》规定车站候车区（室）(  )。","ABCD","旅客可视范围内有客运人员","及时巡视","解答旅客咨询","妥善处置异常情况",""
"786","《铁路旅客运输服务质量规范》规定车站开始、停止检票时间的设置适应客流量和站场条件，进站口和检票口有(  )的提示。","D","时间","检票时间","停止检票时间","提前停止检票时间",""
"787","《铁路旅客运输服务质量规范》规定车站检票前客运人员提前到岗，(  )，通告车次、停靠站台等检票信息。","ABC","检查检票闸机设备状态","检查检票屏显示的车次信息","检查检票屏显示的停靠站台信息","检查出站口显示屏信息",""
"788","《铁路旅客运输服务质量规范》规定车站检票前客运人员提前到岗，宣传(  )，提醒旅客拿好身份证件。","ABCD","引导持可识读证件的旅客在自动检票通道排队等候","引导重点旅客在人工检票通道处排队等候","引导持不可识读证件旅客在人工检票通道处排队等候","自动检票机的使用方法",""
"789","《铁路旅客运输服务质量规范》规定车站自助检票通道和人工检票通道正常启用，通道数量适应客流情况。","A","对","错","","",""
"790","《铁路旅客运输服务质量规范》规定车站检票时按照(  )的原则组织；设两侧检票口的，对长编组、重联动车组列车同时开启；引导旅客通过自动检票通道、人工检票通道检票进站，防止尾随。","A","先重点、后团体、再一般","先团体、后重点、再一般","先重点、后一般、再团体","先团体、后一般、再重点",""
"791","《铁路旅客运输服务质量规范》规定车站对(  )等人员按规定拒绝进站、乘车。","ABCD","无票","日期车次不符","减价不符","票证人不一致",""
"792","《铁路旅客运输服务质量规范》规定车站停止检票前，通告候车区（室）无漏乘；停止检票时，关闭检票口，通告候车区（室）和站台。","A","对","错","","",""
"793","《铁路旅客运输服务质量规范》规定车站进站口公布候车区（室）营业时间遇雨雪等极端恶劣天气，根据旅客需求临时调整营业时间。","A","对","错","","",""
"794","《铁路旅客运输服务质量规范》规定车站站台客运人员提前到岗，检查(  )。","ABCD","引导屏状态","引导屏显示内容","站台情况","股道情况",""
"795","《铁路旅客运输服务质量规范》规定车站使用引导屏、广播等形式，引导旅客按站台车厢位置在(  )有序乘降。乘降提示铃响时巡视站台，无漏乘。","AB","站台安全标线内排队等候","站台门内排队等候","站台排队等候","站台等候",""
"796","《铁路旅客运输服务质量规范》规定车站旅客列车在列车中部办理站车交接。8辆编组动车组列车在(  )车厢之间。","B","中部","4、5号","8、9号","7、8位",""
"797","《铁路旅客运输服务质量规范》规定车站旅客列车在列车中部办理站车交接。长编组动车组列车在(  )车厢之间。","C","中部","4、5号","8、9号","7、8位",""
"798","《铁路旅客运输服务质量规范》规定车站旅客列车在列车中部办理站车交接。重联动车组列车在列车运行方向前组第(  )位车厢之间。","D","中部","4、5号","8、9号","7、8位",""
"799","《铁路旅客运输服务质量规范》规定车站原则上普速旅客列车始发站开车前(  )分钟、中间站开车前(  )分钟响乘降提示铃。","C","2.、2","1、1","2、1","1、2",""
"800","《铁路旅客运输服务质量规范》规定车站动车组列车开车时间前(  )秒响乘降提示铃；铃声时长(  )秒。","C","30、30","10、10","30、10","10、30",""
"801","《铁路旅客运输服务质量规范》规定车站动车组列车完成当日乘务运行交路到达终到站后，有卸污、给水作业的，列车长确认旅客乘降和乘务作业完毕后，通知车站客运人员。","A","对","错","","",""
"802","《铁路旅客运输服务质量规范》规定车站站台客运人员确认列车客运乘务组退乘完毕，确认列车卸污、给水等作业完毕后通知司机关闭车门。","A","对","错","","",""
"803","《铁路旅客运输服务质量规范》规定车站始发普速旅客列车1人值乘多个车厢、客流较大需双开车门时，列车负责值守增开的车门。","B","对","错","","",""
"804","《铁路旅客运输服务质量规范》规定车站同一站台有两趟列车同时进行乘降作业时，有宣传，有引导，无误乘。","A","对","错","","",""
"805","《铁路旅客运输服务质量规范》规定车站出站检票人员提前到岗，检查(  )。","ABCD","自动检票机","柱式检票机","手持移动检票终端","出站屏状态和内容",""
"806","《铁路旅客运输服务质量规范》规定车站引导旅客通过自助检票通道和人工检票通道检票出站，秩序良好，防止尾随。人工检票通道须使用柱式检票机、手持移动检票终端等，(  )。","AB","读取身份证件信息","录入身份证件号核验旅客购票信息","购票信息","车次信息",""
"807","《铁路旅客运输服务质量规范》规定车站对违章乘车旅客及违章携带品正确处理，票款收付准确。","A","对","错","","",""
"808","《铁路旅客运输服务质量规范》规定车站在列车出站后及时清理，站台、通道无滞留人员。","A","对","错","","",""
"809","《铁路旅客运输服务质量规范》规定车站高铁快运作业场地满足(  )等作业要求，其位置可方便、快捷进出车站和站台。","ABC","集散分拣","装卸作业","集装容器暂存","存放行李",""
"810","《铁路旅客运输服务质量规范》规定车站高铁快件经指定通道进出车站、站台，可不执行安全检查规定。","B","对","错","","",""
"811","《铁路旅客运输服务质量规范》规定车站高铁快运使用(  )等集装容器运输。","ABCD","周转箱","集装包","集装袋","蓄冷箱",""
"812","《铁路旅客运输服务质量规范》规定车站装卸、搬运集装件时轻搬轻放，堆码整齐。合理安排装车计划，(  )；装卸车作业过程不干扰旅客乘降。装车完毕后向列车长汇报集装件装车位置及件数。","ABCD","列车到站前将集装件提前搬运至站台指定位置","列车停稳后按计划装载","始发站在旅客上车前完成装车","中途站在乘降提示铃响前完成装车",""
"813","《铁路旅客运输服务质量规范》规定运输过程中发生集装件包装松散、破损时，有记录、有交接。","A","对","错","","",""
"814","《铁路旅客运输服务质量规范》规定车站到站卸车提前到位，立岗接车。(  )，凭客运记录或现场检查，核实现状，办理交接。","ABC","集装件外包装破损","集装件施封破损","集装件短少的","集装件无异状",""
"815","《铁路旅客运输服务质量规范》规定车站遇动车组列车在站临时更换车底或终止运行时，协助列车客运乘务组完成集装件换车，必要时临时看管卸下的集装件。","A","对","错","","",""
"816","《铁路旅客运输服务质量规范》规定车站高铁快运作业区(  )。","ABCD","无闲杂人员出入","无非高铁快运工作人员查找","无非高铁快运工作人员搬运","发现非工作人员持集装件出站时当场制止",""
"817","《铁路旅客运输服务质量规范》规定车站高铁快运装卸人员经过(  )培训合格，持证上岗。","ABC","装卸作业知识","装卸作业技能","铁路安全知识","客运知识",""
"818","《铁路旅客运输服务质量规范》规定车站设有行包房的，设置承运、交付办理窗口。承运行包及时准确，执行安全检查规定，品名相符，正确检斤、制票，运杂费收付无误，(  )。","ABCD","运杂费唱收唱付","不逾期","不破损","不丢失",""
"819","《铁路旅客运输服务质量规范》规定车站承运限制运输的物品时，按规定查验相关的运输证明；需要押运的物品按规定办理押运手续。","A","对","错","","",""
"820","《铁路旅客运输服务质量规范》规定车站装卸、搬运行包，（  ），箭头向上、稳固整齐、标签向外，按批分清。","ABCD","轻搬轻放","大不压小","重不压轻","方不压圆",""
"821","《铁路旅客运输服务质量规范》规定(  )，外包装上粘贴或印制有安全标志；运输过程中发生行包包装松散、破损及时修整，并有记录、有交接。","ABC","易碎品","流质物品","一级运输包装的放射性同位素","行李物品",""
"822","《铁路旅客运输服务质量规范》规定车站到达行包核对信息，妥善保管，(  )。对无法交付的行包及时公告，按规定处理。","ABCD","及时通知","准确验货","正确交付","按规定期限保管",""
"823","《铁路旅客运输服务质量规范》规定车站认真处理行包差错，发生行包损失(  )。","D","先定责、后赔付","先赔付、不定责","不赔付、后定责","先赔付、后定责",""
"824","《铁路旅客运输服务质量规范》规定车站仓库内(  )。","ABC","无闲杂人员出入","无非行包工作人员查找、搬运行包","无非装卸工作人员查找、搬运行包","无装卸工作人员",""
"825","《铁路旅客运输服务质量规范》规定车站行包装卸单位具备相应资质；装卸人员经过(  )培训合格，持证上岗。","ABC","装卸作业知识","装卸作业技能","铁路安全知识","客运知识",""
"826","《铁路旅客运输服务质量规范》规定车站按规定实行托运。核验有效身份证件与托运人的一致性。","B","对","错","","",""
"827","《铁路旅客运输服务质量规范》规定车站执行行包运输方案。装卸列车时，(  )。","BCD","先装后卸","先卸后装","按照列车行李员指定货位码放","规范办理站车交接",""
"828","《铁路旅客运输服务质量规范》规定车站给水站根据给水方案配备给水人员，(  )。","ABCD","防护用具齐全","按指定线路提前到指定位置接送车","有人防护","同去同回",""
"829","《铁路旅客运输服务质量规范》规定按规定程序及时给水，普速旅客列车始发列车辆辆满水，动车组列车当日第一趟车始发时应辆辆满水，(  )。","ABCD","中途站按给水方案补水","有注水口的挡板锁闭","水管摆放整齐（有自动回卷功能的水管回卷到位）","管头插入上水井内",""
"830","《铁路旅客运输服务质量规范》规定卸污站按规定进行卸污作业，保持作业清洁。作业完毕，向站台客运人员报告。","A","对","错","","",""
"831","《铁路旅客运输服务质量规范》规定有火灾爆炸、重大疫情、旅客食物中毒、恶劣天气、线路中断、列车大面积晚点、旅客滞留、旅客人身伤害、客票系统故障、管控平台(旅服系统)故障、站内换乘（启用热备车底等）、电梯故障、坠入股道、列车严重超员、站台紧急停车、列车未完全停靠站台等非正常情况下的应急处置措施。有与地方政府的应急处置联动机制。","A","对","错","","",""
"832","《铁路旅客运输服务质量规范》规定遇非正常情况时，及时采取应急处置措施，掌握(  )等情况，维持站内秩序，准确通报信息，做好咨询、解释、安抚、退改签等善后工作。","ABCD","售票","候车","旅客滞留","行包（快运）运输",""
"833","《铁路旅客运输服务质量规范》规定遇非正常情况时，及时采取应急处置措施，掌握售票、候车、旅客滞留及行包（快运）运输等情况，维持站内秩序，准确通报信息，做好(  )等善后工作。","ABCD","咨询","解释","安抚","退改签",""
"834","《铁路旅客运输服务质量规范》规定动车组列车晚点(  )分钟及以上、其他旅客列车晚点(  )分钟及以上时，应公告旅客。","C","15、15","30、30","15、30","30、15",""
"835","《铁路旅客运输服务质量规范》规定车站向旅客公告列车晚点时间，(  )。电子显示屏实时显示。按规定做好退票、改签、逢餐点向列车提供应急餐食服务保障措施，协调市政交通衔接。","ABCD","已确定原因的要说明晚点原因","做好宣传解释工作","做好客运服务工作","广播每次间隔不超过30分钟",""
"836","《铁路旅客运输服务质量规范》规定车站向旅客公告列车晚点时间，已确定原因的要说明晚点原因，并做好宣传解释和客运服务工作，广播每次间隔不超过(  )分钟。电子显示屏实时显示。按规定做好退票、改签、逢餐点向列车提供应急餐食服务保障措施，协调市政交通衔接。","D","10","15","20","30",""
"837","《铁路旅客运输服务质量规范》规定遇列车在车站空调失效时，站车共同组织；必要时，(  )。","ABCD","组织旅客下车","组织旅客换乘其他列车","组织旅客疏散到车站安全处所","到站按规定退还票价差额",""
"838","《铁路旅客运输服务质量规范》规定遇车底变更时，车站按车底变更计划调整席位，组织旅客换乘，告知列车，并按规定办理改签、退票。","A","对","错","","",""
"839","《铁路旅客运输服务质量规范》规定遇售票、检票系统故障时，(  )。","ABCD","组织维护部门进行故障排查","按规定启用应急售票","按规定启用应急换票程序","组织人工办理检票",""
"840","《铁路旅客运输服务质量规范》规定载客动车组列车运输途中临时更换车底或终止运行时，集装件需换乘的，有押运员时由押运员负责；无押运员时，换乘地点在车站的，列车长应将本列集装件装载情况报告运行所在地铁路局集团公司客运行包调度员（客运调度员），由铁路局集团公司客运行包调度员（客运调度员）通知所在地快运公司。","A","对","错","","",""
"841","《铁路旅客运输服务质量规范》规定快运公司人员无法及时登乘热备(备用)车时，换乘地点在车站的，(  )；换乘地点在区间的，集装件随原列车回程。","ABCD","车站应协助原列车乘务组完成集装件换乘","不具备换乘条件时，集装件可随原列车回程","不具备换乘条件时，将集装件卸下交车站临时看管","车站通知所在地快运公司到站接收",""
"842","《铁路旅客运输服务质量规范》规定备有喇叭、手持应急照明灯具、应急车次牌、隔离设施等应急物品，(  )。有应急食品储备或定点食品供应商联系供应机制。","AB","定点存放","定期检查功能状态","妥善存放","可检查功能状态",""
"843","《铁路旅客运输服务质量规范》规定车站有应急培训和演练，有记录，有结果，有考核。","A","对","错","","",""
"844","《铁路旅客运输服务质量规范》规定车站春、暑运，节假日等客流高峰时期，可根据情况(  )，满足客流需要。临时候车场所有饮用水供应、卫生间等设备设施，配备适量重点旅客座席。","ABCD","采取限时进站","采取暂停商业营业","必要时可增设临时售票、候车场所","必要时可增设临时进站通道",""
"845","《铁路旅客运输服务质量规范》规定车站站内商业场所、位置、面积、业态布局统一规划，(  )，有商业经营管理规范，对经营行为有检查，有考核。","ABCD","不占用旅客候车空间","不影响旅客乘降流线","不遮挡旅客服务信息","统一标志，统一服务内容，统一服务标准",""
"846","《铁路旅客运输服务质量规范》规定车站站内商业、广告应与客运标识统筹设计，不得影响站内客运标识正常使用。","A","对","错","","",""
"847","《铁路旅客运输服务质量规范》规定车站经营单位持有效经营许可，经营行为规范，明码标价，文明售货，提供发票。严禁虚假宣传，不得大声叫卖或外放音频，不出售(  )等严重影响环境卫生的食品。","ABCD","禁止或限量携带等影响运输安全的商品","无生产单位、无生产日期、无保质期","口香糖","过期、变质以及口香糖",""
"848","《铁路旅客运输服务质量规范》规定车站站内经营单位运送物料和备品，应在(  )时段，不得影响旅客通行和安检。","A","客流较低","客流集中","客流高峰","客流限制",""
"849","《铁路旅客运输服务质量规范》规定车站餐饮食品经营场所环境(  )。","ABCD","卫生符合要求","用具清洁","消毒合格","生熟（成品、半成品）分开",""
"850","《铁路旅客运输服务质量规范》规定车站销售散装熟食品时，(  )。","ABCD","有防蝇措施","有防尘措施","不徒手接触食品","按规定佩戴餐饮专用口罩",""
"851","《铁路旅客运输服务质量规范》规定车站站内广告设置场所、位置、面积、形式统一规划，广告设施(  )。","ABCD","安全牢固","形式规范","内容健康","与车站环境相协调",""
"852","《铁路旅客运输服务质量规范》规定车站站内广告不挤占、遮挡图形标志、业务揭示、安全宣传等客运服务信息，(  )。","AB","不影响客运服务功能","不影响安全","不影响效果","不影响美观",""
"853","《铁路旅客运输服务质量规范》规定车站旅客通道内安装的广告牌(  )。除围墙、栅栏外，无直接涂写、张贴式广告。广播系统不发布音频广告。播放视频时不得外放声音。","ABC","使用嵌入式灯箱","突出墙面部分不超过200毫米","棱角部位采取打磨、倒角处理","",""
"854","《铁路旅客运输服务质量规范》规定车站管理制度健全完善，有考核，有记载。定期分析安全和服务质量状况，有针对性具体整改措施。","A","对","错","","",""
"855","《铁路旅客运输服务质量规范》规定车站业务办理符合规定，票据、台账、报表填写规范、清晰。(  )。","ABCD","营运进款结算准确","票据入柜加锁","现金入柜加锁","及时解款",""
"856","《铁路旅客运输服务质量规范》规定车站定期召开站区结合部协调会，有监督，有检查，有考核。","A","对","错","","",""
"857","《铁路旅客运输服务质量规范》规定车站定期开展职业技能培训，培训内容适应岗位要求，评判准确，培训到位。","A","对","错","","",""
"858","《铁路旅客运输服务质量规范》规定客运人员身体健康，五官端正，持有效健康证明。新职人员具备(  )及以上文化程度。","ABC","高中","职高","中专","初中",""
"859","《铁路旅客运输服务质量规范》规定客运人员持有效上岗证，经过岗前安全、技术业务培训合格。(  )须具有客运服务工作2年以上工作经历。","ABCD","客运值班员","售票值班员","客运计划员","车站综控员",""
"860","《铁路旅客运输服务质量规范》规定车站客运人员(  )。","ABCD","熟练使用本岗位相关设备设施","熟知本岗位业务知识和职责","掌握本岗位应急处置作业流程","具备应对突发事件的能力",""
"861","《铁路旅客运输服务质量规范》规定一类客运车站：指省会城市、直辖市、计划单列市主要车站；或日均发送(  )的车站。","A","超过20000人以上","4000~20000人","800~4000人","800人以下",""
"862","《铁路旅客运输服务质量规范》规定一类客运车站应设有车站和列车工作人员间休场所和生产生活设施。","A","对","错","","",""
"863","《铁路旅客运输服务质量规范》规定一类车站可在售票及出站场所设置(  )。","A","外币自助兑换机","出租车","便捷换乘标志","临时乘车身份证明自助办理设备",""
"864","《铁路旅客运输服务质量规范》规定一类车站设有公安制证处（窗口），提供临时乘车身份证明办理服务。有条件的可配置（  ）。","D","外币自助兑换机","出租车","便捷换乘标志","临时乘车身份证明自助办理设备",""
"865","《铁路旅客运输服务质量规范》规定一类车站设置不少于(  )处充电区，每个充电区能同时满足不少于(  )名旅客使用五孔电源插头和USB/Type-C充电插头对电脑、手机等常用电子产品应急充电需要。可结合座椅设置免费手机充电功能。","A","4、10","2、10","1、10","1、5",""
"866","《铁路旅客运输服务质量规范》规定一类车站设有(  )，设置独立封闭的商务座候车区、便捷检票通道和进出站专用通道。","ABCD","重点旅客候车区","军人候车区","儿童娱乐候车区","哺乳室（不少于2处）",""
"867","《铁路旅客运输服务质量规范》规定一类车站铁路局集团公司自行设计的制服，应统一着装标准。","A","对","错","","",""
"868","《铁路旅客运输服务质量规范》规定一类车站保洁工具定点隐蔽存放。设有(  )，不影响旅客候车、乘降。","ABD","供保洁作业使用的水、设施","供保洁作业使用的电设施","存放保洁机具、清扫工具的处所","存放保洁机具、清扫工具的处所应相对独立并满足充电需求",""
"869","《铁路旅客运输服务质量规范》规定一类车站服务备品齐全完整，质地良好，符合国家环保规定。卫生间配有卫生纸、(  )，及时补充。","ABCD","洗手液","擦手纸（干手器），","坐便器配备手动便座给皂器","坐便器配备一次性坐便垫圈",""
"870","《铁路旅客运输服务质量规范》规定一类车站规定使用(  )双语播报客运作业信息。民族自治地区车站可根据需要增加当地通用的民族语言播音。","AB","普通话","英语","蒙语","汉语",""
"871","《铁路旅客运输服务质量规范》规定一类车站设置重点旅客候车区，标志醒目，候车区域使用面积不小于(  )平方米，设有到发通告系统，提供检票提醒服务。","B","150","100","50","30",""
"872","《铁路旅客运输服务质量规范》规定一类车站设置儿童娱乐候车区，(  )。","ABCD","标志醒目","空间相对独立","配备安全儿童游乐设施","配备简易儿童游乐设施",""
"873","《铁路旅客运输服务质量规范》规定一类车站要提高服务品质，规范服务管理，做好商务座旅客服务。为商务座旅客提供(  )等服务。","ABCD","专用通道","专区候车","专人引导","便捷出站",""
"874","《铁路旅客运输服务质量规范》规定一类车站对商务座旅客安排(  )。根据旅客出站引导预约情况，安排专人引导出站。","ABCD","专人迎送引导","检票口提供便捷检票服务","送至车厢门口","主动为旅客提供行李提拉服务",""
"875","《铁路旅客运输服务质量规范》规定一类车站设置专用通道。(  )。","ABC","进站口设置直接进入商务座候车区的专用进站通道","出站口设置专用出站通道","检票口侧门设置便捷检票通道","站台设置通道",""
"876","《铁路旅客运输服务质量规范》规定一类车站为军人、消防救援人员和“三属”（烈士遗属、因公牺牲军人遗属、病故军人遗属）设置军人候车区，标志醒目，候车区域使用面积不小于(  )平方米，设有到发通告系统，提供检票提醒服务。具备条件的车站，军人候车区可单独设置。","C","100","80","50","30",""
"877","《铁路旅客运输服务质量规范》规定一类车站可不设值班站长岗位。候车区（室）具备“行程信息提示”打印等功能。","B","对","错","","",""
"878","《铁路旅客运输服务质量规范》规定一类车站候车区（室）开始营业时间不晚于首趟办客旅客列车(  )分钟，停止营业时间不早于最后一趟旅客列车开车时间。","C","开车前80","开车前60","开车前30","开车前20",""
"879","《铁路旅客运输服务质量规范》规定一类车站候车区（室）营业时间内(  )。","ABCD","提供餐饮等商业服务","便利店等商业服务","开展车站行李自助寄存和行李搬运有偿服务，明码标价","行李搬运服务无诱导消费行为",""
"880","《铁路旅客运输服务质量规范》规定一类车站站内经营单位运送物料和备品可设置相对独立的运送和安检通道。","A","对","错","","",""
"881","《铁路旅客运输服务质量规范》规定一类车站通过开设(  )等方式，开展列车热链餐食供应。互联网订餐车站保障餐食供应，上线商家不少于3家。","ABC","铁路主题餐厅","建设车站厨房","与站内商家合作","与商家合作",""
"882","《铁路旅客运输服务质量规范》规定一类车站每班配置不少于(  )名具有红十字救护员资质的客运人员。","C","4","3","2","1",""
"883","《铁路旅客运输服务质量规范》规定一、二类客运车站应有旅客候车、乘降、(  )等安全防范措施。","ABCD","进出站","行包（快运）","给水","配餐",""
"884","《铁路旅客运输服务质量规范》规定一、二类客运车站应与商业、(  )等部门以及与给水、卸污、保洁、安检、餐售、餐料配送等业务外包单位有安全协议。","ABCD","广告","物业","快运","邮政",""
"885","《铁路旅客运输服务质量规范》规定一、二类车站候车区（室）设有12306服务台，位置适当，标志醒目，配备(  )的设备，接入铁路办公网、客票网，具备接入互联网条件。","ABCD","存放服务资料","存放服务备品","信息终端","视频监控",""
"886","《铁路旅客运输服务质量规范》规定一、二类车站站台(  )设置座椅，列车垃圾投放站每个站台设置的垃圾投放点不少于8处，配置的座椅、垃圾箱（桶）、广告灯箱等设备设施安放牢固，不影响旅客通行。","A","应","宜","必须","可以",""
"887","《铁路旅客运输服务质量规范》规定一、二类车站(  )每人配备音视频记录仪，安检处置台配备音视频记录仪，其他岗位按需配备，作用良好。","ABCD","值班站长","客运值班员","站台客运员","给水员",""
"888","《铁路旅客运输服务质量规范》规定一、二类车站设置12306服务台，提供咨询、求助、投诉、信息查询、改签、遗失物品、常旅客、重点旅客等服务，专人负责，及时回应；(  )提供自助票务服务。","A","可","宜","要","需",""
"889","《铁路旅客运输服务质量规范》规定一、二类车站设置商务座候车专区，标志醒目，(  )。","ABCD","配备商务座旅客服务系统","提供提前检票服务","免费提供饮品、食品","免费提供报刊",""
"890","《铁路旅客运输服务质量规范》规定一、二类车站提供饮品不少于5种，茶水全程供应。","B","对","错","","",""
"891","《铁路旅客运输服务质量规范》规定一、二类车站提供食品不少于6种，宜选用非油炸类点心、蜜饯类、坚果类等(  )的休闲小食品，独立小包装。","ABCD","无壳","无核","无皮","无骨",""
"892","《铁路旅客运输服务质量规范》规定一、二类车站配备报纸、期刊、杂志、书籍等，定期更换。","A","对","错","","",""
"893","《铁路旅客运输服务质量规范》规定一、二类车站按规定实行实名制验证，核验车票、有效身份证件、旅客的一致性。(  ),实名制验证可与检票作业合并。","A","具备条件的车站","所有车站","一类车站","二类车站",""
"894","《铁路旅客运输服务质量规范》规定一、二类车站实名制验证通道和安检通道应设置绿色（急客/爱心）通道。","A","对","错","","",""
"895","《铁路旅客运输服务质量规范》规定一、二类车站换乘客流大的车站设置站内换乘流线，换乘旅客从站台到候车区（室）走行距离(  )米，配备相应的设备和引导标志。","A","不超过800","不超过600","不超过500","不超过300",""
"896","《铁路旅客运输服务质量规范》规定一、二、三类车站内使用的平板推车等专用机具应具备止轮装置，(  )经指定通道进出站台，在指定位置存放。","ABCD","符合常态制动要求","配备作业单位标识","实行编号管理","采取防滑、防溜、防撞措施，",""
"897","《铁路旅客运输服务质量规范》规定一、二、三类车站内使用的行包、邮政拖车(  )。","ABCD","重车（含混编）不超过4辆","空车不超过5辆","混编时重车在前","混编时空车在后",""
"898","《铁路旅客运输服务质量规范》规定一、二、三类车站装载的货物(  )。四周护栏拖车运行中侧向护栏锁闭。","ABCD","高度距地面不超过2米","横向宽度不得超出车体两侧各0.2米，","重量不超过2吨","堆码整齐，绳索捆牢，不致甩落",""
"899","《铁路旅客运输服务质量规范》规定一、二、三类车站组织高铁快件搬运时，集装件应(  )。","ABCD","采取必要的捆绑措施","堆码宽度不超过搬运机具外侧边缘0.2米","堆码高度不超过1.5米","确保视线良好、集装件不倒塌",""
"900","《铁路旅客运输服务质量规范》规定一、二、三类车站各站台设有出站方向标志，实行便捷换乘的有便捷换乘标志。","A","对","错","","",""
"901","《铁路旅客运输服务质量规范》规定一、二、三类车站采用(  )；民族自治地区车站可按规定增加当地通用的民族语言文字。","AB","中文","英文","蒙文","汉文",""
"902","《铁路旅客运输服务质量规范》规定一、二、三类车站进站大厅（集散厅）设置进站显示屏，显示(  )候车区（检票口）、状态等发车信息。","ABCD","车次","始发站","终到站","开车时刻",""
"903","《铁路旅客运输服务质量规范》规定一、二、三类车站有售票信息屏，显示售票、综合服务、公告等信息。","A","对","错","","",""
"904","《铁路旅客运输服务质量规范》规定一、二、三类车站出站口内设有补票处，配备桌椅、计算机、移动补票终端、凭条打印机、(  )和电子支付扫码器等售票设备和衡器，有防盗、报警设施。","ABCD","保险柜","验钞机","居民身份证识读器","POS机",""
"905","《铁路旅客运输服务质量规范》规定一、二、三类车站有存放票据、现金的处所和设备，具备(  )。","ABCD","防潮","防盗","监控","报警功能",""
"906","《铁路旅客运输服务质量规范》规定一、二、三类车站设有卫生间，厕位数量和男女厕位比例适当，车站候车区域男厕位（不含站位）与女厕位比例应为（     ）。","B","1:1","1:2","2:1","适当",""
"907","《铁路旅客运输服务质量规范》规定一、二、三类车站卫生间有通风换气和洗手池、干手器等盥洗设备，正常使用，作用良好。厕位间设置挂钩。","A","对","错","","",""
"908","《铁路旅客运输服务质量规范》规定一、二、三类车站设置无障碍卫生间（含第三卫生间），按规定配备相应无障碍设备设施，救助铃响，及时响应。","A","对","错","","",""
"909","《铁路旅客运输服务质量规范》规定一、二、三类便捷换乘客流大的车站(  )。","ABCD","应设双向闸机","应设换乘自动检票机","已检票区域与候车区（室）有隔离设施","已检票区域与候车区（室）封闭良好",""
"910","《铁路旅客运输服务质量规范》规定一、二、三类车站进站口实施实名制查验的，应设自助查验通道和人工查验通道，并配备验证设备。","A","对","错","","",""
"911","《铁路旅客运输服务质量规范》规定一、二、三类办理高铁快运的车站营业场所外有机动车作业场地和停车位。","A","对","错","","",""
"912","《铁路旅客运输服务质量规范》规定一、二、三类办理高铁快运的车站办理窗口有桌椅、计算机、(  )。","ABCD","货签机、扫描枪","配有电子衡器和装卸搬运机具","电子支付窗口配备POS机","电子支付窗口配备扫码支付设备",""
"913","《铁路旅客运输服务质量规范》规定一、二、三类办理高铁快运的车站有施封钳等包装工具，有专用箱、集装袋、锁等包装材料。高铁快运作业场地分区合理，有防火、防爆、防盗、防水、防鼠设备。","A","对","错","","",""
"914","《铁路旅客运输服务质量规范》规定一、二、三类办理行包业务的车站行包房，设置承运、交付办理窗口，有机动车作业场地和停车位。办理窗口有桌椅、计算机、货签机，(  )。","ABCD","使用行包运输管理系统","配有电子衡器","配有装卸搬运机具","电子支付窗口配备POS机",""
"915","《铁路旅客运输服务质量规范》规定一、二、三类办理行包业务的车站行包房，有打包机、施封钳等包装工具；有编织袋、纸箱、锁等包装材料；有封箱钉、打包带、铁锤、缝针等维修工具、施封材料。","A","对","错","","",""
"916","《铁路旅客运输服务质量规范》规定一、二、三类办理行包业务的车站行包仓库有发送、中转、到达作业区域，根据品类划分(  )等不同的存放区，方便存放和领取。有防火、防爆、防盗、防水、防鼠设备。高铁快运营业场所根据业务需要比照选配。","ABC","鲜活","易腐","放射品","行李物品",""
"917","《铁路旅客运输服务质量规范》规定一、二、三类办理行包业务的车站行包房有防火、(  )设备。高铁快运营业场所根据业务需要比照选配。","ABCD","防爆","防盗","防水","防鼠",""
"918","《铁路旅客运输服务质量规范》规定一、二、三类车站按规定办理卸污作业的车站有卸污设备，作用良好。","A","对","错","","",""
"919","《铁路旅客运输服务质量规范》规定一、二、三类车站售票窗口和自动售票机布局合理，功能设置和开放的数量适应客流量，日常窗口排队(  )。","D","10人","不超过10人","20人","不超过20人",""
"920","《铁路旅客运输服务质量规范》规定一、二、三类车站动车组列车发车前，车站确认列车(  )以及行包（快运）、互联网订餐、餐售物品和列车服务备品装卸作业完毕后，使用无线对讲设备通知列车长与客运有关的作业完毕。","ABCD","旅客乘降","站车交接","给水作业","卸污作业",""
"921","《铁路旅客运输服务质量规范》规定一、二、三类车站机车供电的始发列车不晚于开车前(  )分钟连挂机车，并向列车供电。遇有到发线能力紧张等情况，一般不应晚于始发前(  )分钟。","C","60、60","40、40","60、40","40、60",""
"922","《铁路旅客运输服务质量规范》规定一、二、四类车站照明充足站台照明照度不低于(  )勒克斯。","D","300","200","150","75",""
"923","《铁路旅客运输服务质量规范》规定二类客运车站：指地市级城市主要车站；或日均发送(  )的车站。","B","超过20000人以上","4000~20000人","800~4000人","800人以下",""
"924","《铁路旅客运输服务质量规范》规定二类车站应设有车站工作人员间休场所和生产生活设施。具备条件的还可为列车工作人员提供间休场所和生产生活设施。","A","对","错","","",""
"925","《铁路旅客运输服务质量规范》规定管控平台（旅服系统）运行稳定可靠，自动检票、(  )等旅客服务设备设施齐全，状态良好。","ABCD","导向","广播","时钟","监控",""
"926","《铁路旅客运输服务质量规范》规定二类车站设置不少于(  )处充电区，每个充电区能同时满足不少于(  )名旅客使用五孔电源插头和USB/Type-C充电插头对电脑、手机等常用电子产品应急充电需要。可结合座椅设置免费手机充电功能。","B","4、10","2、10","1、10","1、5",""
"927","《铁路旅客运输服务质量规范》规定二类车站设有(  )。重点旅客候车区和军人候车区可合并设置。","ABCD","重点旅客候车区","军人候车区","商务座候车区","哺乳室",""
"928","《铁路旅客运输服务质量规范》规定二类车站日均商务座旅客发送量超过100人的车站应设置独立封闭的(  )。","ABCD","商务座候车区","便捷检票通道","进站专用通道","出站专用通道",""
"929","《铁路旅客运输服务质量规范》规定二类车站设置重点旅客候车区，标志醒目，候车区域使用面积不小于(  )平方米，设有到发通告系统，提供检票提醒服务。","C","150","100","50","30",""
"930","《铁路旅客运输服务质量规范》规定二类车站要提高服务品质，规范服务管理，做好商务座旅客服务。为商务座旅客提供专区候车、便捷检票等服务。日均商务座旅客100人以上的车站还应提供(  )等服务。","ABC","专人引导","便捷出站","专用通道","专区候车",""
"931","《铁路旅客运输服务质量规范》规定二类车站日均商务座旅客100人以上的车站，应安排(  )。根据旅客出站引导预约情况，安排专人引导出站。","ABCD","专人迎送引导","检票口提供便捷检票服务","送至车厢门口","主动为旅客提供行李提拉服务",""
"932","《铁路旅客运输服务质量规范》规定二类日均商务座旅客100人以上的车站，应设置专用通道。(  )。","ABC","进站口设置直接进入商务座候车区的专用进站通道","出站口设置专用出站通道","检票口侧门设置便捷检票通道","站台设置通道",""
"933","《铁路旅客运输服务质量规范》规定二类车站为军人、消防救援人员和“三属”（烈士遗属、因公牺牲军人遗属、病故军人遗属）设置军人候车区，标志醒目，候车区域使用面积不小于(  )平方米，设有到发通告系统，提供检票提醒服务。具备条件的车站，军人候车区可单独设置。","D","100","80","50","30",""
"934","《铁路旅客运输服务质量规范》规定二类车站候车区（室）营业时间内(  )。行李搬运服务无诱导消费行为。","ABCD","提供餐饮等商业服务","提供便利店等商业服务","开展车站行李自助寄存有偿服务","有条件的车站提供行李搬运有偿服务，明码标价",""
"935","《铁路旅客运输服务质量规范》规定二类有条件的车站通过开设(  )等方式，开展列车热链餐食供应。互联网订餐车站保障餐食供应，上线商家不少于2家。","ABC","铁路主题餐厅","建设车站厨房","与站内商家合作","与商家合作",""
"936","《铁路旅客运输服务质量规范》规定二类车站照明充足，行包（快运）营业场所、安全检查区域照明照度不应低于(  )勒克斯。","A","300","200","150","75",""
"937","《铁路旅客运输服务质量规范》二类车站候车室开始营业时间不晚于首趟办客旅客列车(  )分钟，停止营业时间不早于最后一趟旅客列车开车时间。","C","开车前80","开车前60","开车前30","开车前20",""
"938","《铁路旅客运输服务质量规范》规定二类车站使用普通话播报客运作业信息，可增加(  )播报客运作业信息。民族自治地区车站可根据需要增加当地通用的民族语言播音。","B","普通话","英语","蒙语","汉语",""
"939","《铁路旅客运输服务质量规范》规定二、三、四类车站设有公安制证处（窗口），提供临时乘车身份证明办理服务。","A","对","错","","",""
"940","《铁路旅客运输服务质量规范》规定二、三、四类车站保洁工具定点隐蔽存放。设有(  )，不影响旅客候车、乘降。","ABC","供保洁作业使用的水设施","供保洁作业使用的电设施","存放保洁机具、清扫工具的处所","存放保洁机具、清扫工具的处所应相对独立并满足充电需求",""
"941","《铁路旅客运输服务质量规范》规定二、三、四类车站服务备品齐全完整，质地良好，符合国家环保规定。卫生间配有(  )，及时补充。","ABCD","卫生纸","洗手液","擦手纸（干手器）","一次性坐便垫圈",""
"942","《铁路旅客运输服务质量规范》规定二、三、四类车站每班应配置不少于(  )名具有红十字救护员资质的客运人员。","D","4","3","2","1",""
"943","《铁路旅客运输服务质量规范》规定一、二、三类车站候车区（室）具备“行程信息提示”打印等功能。","A","对","错","","",""
"944","《铁路旅客运输服务质量规范》规定三类客运车站：指县级城市主要车站；或日均发送(  )的车站。","C","超过20000人以上","4000~20000人","800~4000人","800人以下",""
"945","《铁路旅客运输服务质量规范》规定三类客运车站应有旅客候车、(  )等安全防范措施。","ABCD","乘降","进出站","行包（快运","配餐",""
"946","《铁路旅客运输服务质量规范》规定三类客运车站应与(  )等部门以及与给水、卸污、保洁、安检、餐售、餐料配送等业务外包单位有安全协议。","ABCD","商业","广告","物业","快运",""
"947","《铁路旅客运输服务质量规范》规定三类车站应设有车站工作人员间休场所和生产生活设施。","A","对","错","","",""
"948","《铁路旅客运输服务质量规范》规定三类车站设置不少于(  )充电区（桩），每个充电区能同时满足不少于(  )名旅客使用五孔电源插头和USB/Type-C充电插头对电脑、手机等常用电子产品应急充电需要。可结合座椅设置免费手机充电功能。","C","4、10","2、10","1、10","1、5",""
"949","《铁路旅客运输服务质量规范》规定三类车站具备条件的车站宜设置哺乳室。","A","对","错","","",""
"950","《铁路旅客运输服务质量规范》规定三类有条件的车站根据需要设置站内换乘流线，配备相应的设备和引导标志。","A","对","错","","",""
"951","《铁路旅客运输服务质量规范》规定三类车站候车区（室）提供饮食品销售服务。","A","对","错","","",""
"952","《铁路旅客运输服务质量规范》规定三类车站照明充足，(  )照明照度不低于75勒克斯。","ABCD","站台","天桥","进站地道","出站地道",""
"953","《铁路旅客运输服务质量规范》规定三、四类车站候车区（室）设有12306服务台，具备条件的应与(  )统筹设置，标志醒目，配备信息终端、视频监控和存放服务资料、备品的设备，接入铁路办公网、客票网，具备接入互联网条件。","ABCD","检票口","售票处","站台","出站口",""
"954","《铁路旅客运输服务质量规范》规定三、四类车站售票处与服务台合设时，视频监控宜接入综合视频监控网络。","A","对","错","","",""
"955","《铁路旅客运输服务质量规范》规定三、四类具备条件的车站站台(  )配置座椅，列车垃圾投放站每个站台设置的垃圾投放点不少于8处，配置的座椅、垃圾箱（桶）、广告灯箱等设备设施安放牢固，不影响旅客通行。","B","应","宜","必须","可以",""
"956","《铁路旅客运输服务质量规范》规定三、四类车站(  )每人配备音视频记录仪，安检处置台配备音视频记录仪，其他岗位按需配备，作用良好。","ABC","客运值班员","站台客运员","给水员","保洁人员",""
"957","《铁路旅客运输服务质量规范》规定三、四类车站使用(  )播报客运作业信息；民族自治地区车站可根据需要增加当地通用的民族语言播音。","A","普通话","英语","蒙语","汉语",""
"958","《铁路旅客运输服务质量规范》规定三、四类车站设置12306服务台，提供咨询、求助、投诉、信息查询、改签、遗失物品、常旅客、重点旅客等服务，专人负责，及时回应；(  )提供购票、退票、资质核验等票务服务。","B","可","宜","要","需",""
"959","《铁路旅客运输服务质量规范》规定三、四类车站办理旅客列车间隔超过(  )小时的，可分段营业，但不得多于2个时间段。","C","1","2","3","5",""
"960","《铁路旅客运输服务质量规范》规定三、四类车站按规定实行实名制验证，核验车票、有效身份证件、旅客的一致性。实名制验证可与检票作业合并。","A","对","错","","",""
"961","《铁路旅客运输服务质量规范》规定三、四类车站实名制验证通道和安检通道应设置绿色（急客/爱心）通道。","B","对","错","","",""
"962","《铁路旅客运输服务质量规范》三、四类车站候车室（区）开始营业时间不晚于首趟办客旅客列车(  )分钟，停止营业时间不早于最后一趟旅客列车开车时间。","C","开车前80","开车前60","开车前30","开车前20",""
"963","《铁路旅客运输服务质量规范》规定三、四类车站办理旅客出发业务间隔超过3小时的，可分段营业，可多个时间段。","B","对","错","","",""
"964","《铁路旅客运输服务质量规范》规定三、四类车站设置优先通道，为重点旅客、军人、消防救援人员和“三属”（烈士遗属、因公牺牲军人遗属、病故军人遗属）提供(  )服务，标识醒目，服务到位。","ABCD","优先购票","优先安检","优先验证","优先检票",""
"965","《铁路旅客运输服务质量规范》规定四类客运车站：指日均发送(  )的车站。","D","超过20000人以上","4000~20000","800~4000人","800人以下",""
"966","《铁路旅客运输服务质量规范》规定四类客运车站应有旅客(  )等安全防范措施。","ABCD","候车","乘降","进出站","行包（快运）",""
"967","《铁路旅客运输服务质量规范》规定四类客运车站应与商业、广告、物业、快运等部门以及与(  )等业务外包单位有安全协议。","ABC","给水","保洁","安检","卸污",""
"968","《铁路旅客运输服务质量规范》规定四类客运车站各站台设有出站方向标志。","A","对","错","","",""
"969","《铁路旅客运输服务质量规范》规定四类车站采用(  )；民族自治地区车站可按规定增加当地通用的民族语言文字。","A","中文","英文","蒙文","汉文",""
"970","《铁路旅客运输服务质量规范》规定四类车站设有管控平台（旅服系统）的，运行稳定可靠，自动检票、(  )等旅客服务设备设施齐全，状态良好。","ABCD","导向","广播","时钟","监控",""
"971","《铁路旅客运输服务质量规范》规定四类车站有售票信息屏或公告栏，对外公布售票、综合服务、公告等信息。","A","对","错","","",""
"972","《铁路旅客运输服务质量规范》规定四类车站设有卫生间，厕位数量和男女厕位比例(  )。有通风换气和洗手池、等盥洗设备，正常使用，作用良好。厕位间设置挂钩。","D","1:1","1:2","2:1","适当",""
"973","《铁路旅客运输服务质量规范》规定四类车站设置不少于(  )处充电区，每个充电区能同时满足不少于(  )名旅客使用五孔电源插头和USB/Type-C充电插头对电脑、手机等常用电子产品应急充电需要。","D","4、10","2、10","1、10","1、5",""
"974","《铁路旅客运输服务质量规范》规定四类车站卫生间设有无障碍厕位，救助铃响，及时响应。具备条件的宜设置无障碍卫生间（含第三卫生间）。","A","对","错","","",""
"975","《铁路旅客运输服务质量规范》规定四类车站已检票区域与候车区（室）有隔离设施，封闭良好。","A","对","错","","",""
"976","《铁路旅客运输服务质量规范》规定四类车站售票窗口和自动售票机布局合理，功能设置和开放的数量适应客流量。日常窗口排队不超过20人。","B","对","错","","",""
"977","《铁路旅客运输服务质量规范》规定四类车站出站口应配备补票设备、衡器等设备设施。","A","对","错","","",""
"978","《铁路旅客运输服务质量规范》规定四类车站配备存放(  )，存放地点具备防潮、防盗、监控和报警功能。","AB","票据的设备","现金的设备","票据的处所","现金的处所",""
"979","《铁路旅客运输服务质量规范》规定四类车站动车组列车发车前，车站确认列车(  )，以及行包（快运）等作业完毕后，使用无线对讲设备通知列车长与客运有关的作业完毕。","ABC","旅客乘降","站车交接","给水","卸污作业",""